SET NAMES utf8mb4;

INSERT INTO product (`id`, `name`, `price`, `status`, `pos`, `organization_id`, `create_time`, `update_time`, `create_user`, `update_user`) VALUES
('demo_p_001', '合同与回款管理套件', 88000, '1', 100, '100001', 1781373600000, 1781373600000, 'admin', 'admin'),
('demo_p_002', '企业级实施服务包', 96000, '1', 101, '100001', 1781373600001, 1781373600001, 'admin', 'admin'),
('demo_p_003', '销售预测分析套件', 128000, '1', 102, '100001', 1781373600002, 1781373600002, 'admin', 'admin'),
('demo_p_004', '客户运营自动化套件', 158000, '1', 103, '100001', 1781373600003, 1781373600003, 'admin', 'admin'),
('demo_p_005', '企业知识库治理套件', 188000, '1', 104, '100001', 1781373600004, 1781373600004, 'admin', 'admin')
ON DUPLICATE KEY UPDATE `name` = VALUES(`name`), `price` = VALUES(`price`), `status` = VALUES(`status`), `pos` = VALUES(`pos`), `update_time` = VALUES(`update_time`), `update_user` = VALUES(`update_user`);

INSERT INTO customer (`id`, `name`, `owner`, `collection_time`, `pool_id`, `create_time`, `update_time`, `create_user`, `update_user`, `in_shared_pool`, `organization_id`, `follower`, `follow_time`, `reason_id`) VALUES
('demo_c_001', '华北装备制造集团', 'admin', 1781373601000, NULL, 1781373601000, 1781373601000, 'admin', 'admin', b'0', '100001', 'admin', 1781460001000, NULL),
('demo_c_002', '东海新能源科技', 'admin', 1781373602000, NULL, 1781373602000, 1781373602000, 'admin', 'admin', b'0', '100001', 'admin', 1781460002000, NULL),
('demo_c_003', '西南医药流通股份', 'admin', 1781373603000, NULL, 1781373603000, 1781373603000, 'admin', 'admin', b'0', '100001', 'admin', 1781460003000, NULL),
('demo_c_004', '中原智慧园区运营', 'admin', 1781373604000, NULL, 1781373604000, 1781373604000, 'admin', 'admin', b'0', '100001', 'admin', 1781460004000, NULL),
('demo_c_005', '岭南连锁餐饮集团', 'admin', 1781373605000, NULL, 1781373605000, 1781373605000, 'admin', 'admin', b'0', '100001', 'admin', 1781460005000, NULL),
('demo_c_006', '长三角工业互联网公司', 'admin', 1781373606000, NULL, 1781373606000, 1781373606000, 'admin', 'admin', b'0', '100001', 'admin', 1781460006000, NULL),
('demo_c_007', '京津企业服务控股', 'admin', 1781373607000, NULL, 1781373607000, 1781373607000, 'admin', 'admin', b'0', '100001', 'admin', 1781460007000, NULL),
('demo_c_008', '川渝物流供应链', 'admin', 1781373608000, NULL, 1781373608000, 1781373608000, 'admin', 'admin', b'0', '100001', 'admin', 1781460008000, NULL),
('demo_c_009', '海峡跨境电商有限公司', 'admin', 1781373609000, NULL, 1781373609000, 1781373609000, 'admin', 'admin', b'0', '100001', 'admin', 1781460009000, NULL),
('demo_c_010', '华中教育科技集团', 'admin', 1781373610000, NULL, 1781373610000, 1781373610000, 'admin', 'admin', b'0', '100001', 'admin', 1781460010000, NULL),
('demo_c_011', '鲁南零部件制造', 'admin', 1781373611000, NULL, 1781373611000, 1781373611000, 'admin', 'admin', b'0', '100001', 'admin', 1781460011000, NULL),
('demo_c_012', '苏杭数字政务服务', 'admin', 1781373612000, NULL, 1781373612000, 1781373612000, 'admin', 'admin', b'0', '100001', 'admin', 1781460012000, NULL),
('demo_c_013', '成渝金融外包中心', 'admin', 1781373613000, NULL, 1781373613000, 1781373613000, 'admin', 'admin', b'0', '100001', 'admin', 1781460013000, NULL),
('demo_c_014', '珠江 SaaS 服务商', 'admin', 1781373614000, NULL, 1781373614000, 1781373614000, 'admin', 'admin', b'0', '100001', 'admin', 1781460014000, NULL),
('demo_c_015', '西北能源运维集团', 'admin', 1781373615000, NULL, 1781373615000, 1781373615000, 'admin', 'admin', b'0', '100001', 'admin', 1781460015000, NULL),
('demo_c_016', '江南智能家居品牌', 'admin', 1781373616000, NULL, 1781373616000, 1781373616000, 'admin', 'admin', b'0', '100001', 'admin', 1781460016000, NULL),
('demo_c_017', '东北冷链物流集团', 'admin', 1781373617000, NULL, 1781373617000, 1781373617000, 'admin', 'admin', b'0', '100001', 'admin', 1781460017000, NULL),
('demo_c_018', '青岛海工装备公司', 'admin', 1781373618000, NULL, 1781373618000, 1781373618000, 'admin', 'admin', b'0', '100001', 'admin', 1781460018000, NULL),
('demo_c_019', '厦门文旅运营集团', 'admin', 1781373619000, NULL, 1781373619000, 1781373619000, 'admin', 'admin', b'0', '100001', 'admin', 1781460019000, NULL),
('demo_c_020', '武汉软件园服务公司', 'admin', 1781373620000, NULL, 1781373620000, 1781373620000, 'admin', 'admin', b'0', '100001', 'admin', 1781460020000, NULL),
('demo_c_021', '合肥先进材料科技', 'admin', 1781373621000, NULL, 1781373621000, 1781373621000, 'admin', 'admin', b'0', '100001', 'admin', 1781460021000, NULL),
('demo_c_022', '宁波汽配供应链', 'admin', 1781373622000, NULL, 1781373622000, 1781373622000, 'admin', 'admin', b'0', '100001', 'admin', 1781460022000, NULL),
('demo_c_023', '郑州商超零售集团', 'admin', 1781373623000, NULL, 1781373623000, 1781373623000, 'admin', 'admin', b'0', '100001', 'admin', 1781460023000, NULL),
('demo_c_024', '重庆智慧物业集团', 'admin', 1781373624000, NULL, 1781373624000, 1781373624000, 'admin', 'admin', b'0', '100001', 'admin', 1781460024000, NULL),
('demo_c_025', '深圳机器人科技', 'admin', 1781373625000, NULL, 1781373625000, 1781373625000, 'admin', 'admin', b'0', '100001', 'admin', 1781460025000, NULL),
('demo_c_026', '杭州客户成功咨询', 'admin', 1781373626000, NULL, 1781373626000, 1781373626000, 'admin', 'admin', b'0', '100001', 'admin', 1781460026000, NULL),
('demo_c_027', '南京数据治理中心', 'admin', 1781373627000, NULL, 1781373627000, 1781373627000, 'admin', 'admin', b'0', '100001', 'admin', 1781460027000, NULL)
ON DUPLICATE KEY UPDATE `name` = VALUES(`name`), `owner` = VALUES(`owner`), `update_time` = VALUES(`update_time`), `update_user` = VALUES(`update_user`), `follower` = VALUES(`follower`), `follow_time` = VALUES(`follow_time`);

INSERT INTO customer_contact (`id`, `customer_id`, `name`, `phone`, `owner`, `create_time`, `update_time`, `create_user`, `update_user`, `enable`, `disable_reason`, `organization_id`) VALUES
('demo_ct_001', 'demo_c_001', '王娜', '13620000001', 'admin', 1781373701000, 1781373701000, 'admin', 'admin', b'0', NULL, '100001'),
('demo_ct_002', 'demo_c_001', '王伟', '13620000002', 'admin', 1781373702000, 1781373702000, 'admin', 'admin', b'0', NULL, '100001'),
('demo_ct_003', 'demo_c_002', '李伟', '13620000003', 'admin', 1781373703000, 1781373703000, 'admin', 'admin', b'0', NULL, '100001'),
('demo_ct_004', 'demo_c_002', '李敏', '13620000004', 'admin', 1781373704000, 1781373704000, 'admin', 'admin', b'0', NULL, '100001'),
('demo_ct_005', 'demo_c_003', '张敏', '13620000005', 'admin', 1781373705000, 1781373705000, 'admin', 'admin', b'0', NULL, '100001'),
('demo_ct_006', 'demo_c_003', '张磊', '13620000006', 'admin', 1781373706000, 1781373706000, 'admin', 'admin', b'0', NULL, '100001'),
('demo_ct_007', 'demo_c_004', '刘磊', '13620000007', 'admin', 1781373707000, 1781373707000, 'admin', 'admin', b'0', NULL, '100001'),
('demo_ct_008', 'demo_c_004', '刘静', '13620000008', 'admin', 1781373708000, 1781373708000, 'admin', 'admin', b'0', NULL, '100001'),
('demo_ct_009', 'demo_c_005', '陈静', '13620000009', 'admin', 1781373709000, 1781373709000, 'admin', 'admin', b'0', NULL, '100001'),
('demo_ct_010', 'demo_c_005', '陈强', '13620000010', 'admin', 1781373710000, 1781373710000, 'admin', 'admin', b'0', NULL, '100001'),
('demo_ct_011', 'demo_c_006', '杨强', '13620000011', 'admin', 1781373711000, 1781373711000, 'admin', 'admin', b'0', NULL, '100001'),
('demo_ct_012', 'demo_c_006', '杨芳', '13620000012', 'admin', 1781373712000, 1781373712000, 'admin', 'admin', b'0', NULL, '100001'),
('demo_ct_013', 'demo_c_007', '赵芳', '13620000013', 'admin', 1781373713000, 1781373713000, 'admin', 'admin', b'0', NULL, '100001'),
('demo_ct_014', 'demo_c_007', '赵超', '13620000014', 'admin', 1781373714000, 1781373714000, 'admin', 'admin', b'0', NULL, '100001'),
('demo_ct_015', 'demo_c_008', '黄超', '13620000015', 'admin', 1781373715000, 1781373715000, 'admin', 'admin', b'0', NULL, '100001'),
('demo_ct_016', 'demo_c_008', '黄晨', '13620000016', 'admin', 1781373716000, 1781373716000, 'admin', 'admin', b'0', NULL, '100001'),
('demo_ct_017', 'demo_c_009', '周晨', '13620000017', 'admin', 1781373717000, 1781373717000, 'admin', 'admin', b'0', NULL, '100001'),
('demo_ct_018', 'demo_c_009', '周杰', '13620000018', 'admin', 1781373718000, 1781373718000, 'admin', 'admin', b'0', NULL, '100001'),
('demo_ct_019', 'demo_c_010', '吴杰', '13620000019', 'admin', 1781373719000, 1781373719000, 'admin', 'admin', b'0', NULL, '100001'),
('demo_ct_020', 'demo_c_010', '吴婷', '13620000020', 'admin', 1781373720000, 1781373720000, 'admin', 'admin', b'0', NULL, '100001'),
('demo_ct_021', 'demo_c_011', '徐婷', '13620000021', 'admin', 1781373721000, 1781373721000, 'admin', 'admin', b'0', NULL, '100001'),
('demo_ct_022', 'demo_c_011', '徐洋', '13620000022', 'admin', 1781373722000, 1781373722000, 'admin', 'admin', b'0', NULL, '100001'),
('demo_ct_023', 'demo_c_012', '孙洋', '13620000023', 'admin', 1781373723000, 1781373723000, 'admin', 'admin', b'0', NULL, '100001'),
('demo_ct_024', 'demo_c_012', '孙欣', '13620000024', 'admin', 1781373724000, 1781373724000, 'admin', 'admin', b'0', NULL, '100001'),
('demo_ct_025', 'demo_c_013', '马欣', '13620000025', 'admin', 1781373725000, 1781373725000, 'admin', 'admin', b'0', NULL, '100001'),
('demo_ct_026', 'demo_c_013', '马宇', '13620000026', 'admin', 1781373726000, 1781373726000, 'admin', 'admin', b'0', NULL, '100001'),
('demo_ct_027', 'demo_c_014', '朱宇', '13620000027', 'admin', 1781373727000, 1781373727000, 'admin', 'admin', b'0', NULL, '100001'),
('demo_ct_028', 'demo_c_014', '朱雪', '13620000028', 'admin', 1781373728000, 1781373728000, 'admin', 'admin', b'0', NULL, '100001'),
('demo_ct_029', 'demo_c_015', '胡雪', '13620000029', 'admin', 1781373729000, 1781373729000, 'admin', 'admin', b'0', NULL, '100001'),
('demo_ct_030', 'demo_c_015', '胡涛', '13620000030', 'admin', 1781373730000, 1781373730000, 'admin', 'admin', b'0', NULL, '100001'),
('demo_ct_031', 'demo_c_016', '郭涛', '13620000031', 'admin', 1781373731000, 1781373731000, 'admin', 'admin', b'0', NULL, '100001'),
('demo_ct_032', 'demo_c_016', '郭媛', '13620000032', 'admin', 1781373732000, 1781373732000, 'admin', 'admin', b'0', NULL, '100001'),
('demo_ct_033', 'demo_c_017', '何媛', '13620000033', 'admin', 1781373733000, 1781373733000, 'admin', 'admin', b'0', NULL, '100001'),
('demo_ct_034', 'demo_c_017', '何博', '13620000034', 'admin', 1781373734000, 1781373734000, 'admin', 'admin', b'0', NULL, '100001'),
('demo_ct_035', 'demo_c_018', '高博', '13620000035', 'admin', 1781373735000, 1781373735000, 'admin', 'admin', b'0', NULL, '100001'),
('demo_ct_036', 'demo_c_018', '高璐', '13620000036', 'admin', 1781373736000, 1781373736000, 'admin', 'admin', b'0', NULL, '100001'),
('demo_ct_037', 'demo_c_019', '林璐', '13620000037', 'admin', 1781373737000, 1781373737000, 'admin', 'admin', b'0', NULL, '100001'),
('demo_ct_038', 'demo_c_019', '林鹏', '13620000038', 'admin', 1781373738000, 1781373738000, 'admin', 'admin', b'0', NULL, '100001'),
('demo_ct_039', 'demo_c_020', '罗鹏', '13620000039', 'admin', 1781373739000, 1781373739000, 'admin', 'admin', b'0', NULL, '100001'),
('demo_ct_040', 'demo_c_020', '罗洁', '13620000040', 'admin', 1781373740000, 1781373740000, 'admin', 'admin', b'0', NULL, '100001'),
('demo_ct_041', 'demo_c_021', '郑洁', '13620000041', 'admin', 1781373741000, 1781373741000, 'admin', 'admin', b'0', NULL, '100001'),
('demo_ct_042', 'demo_c_021', '郑浩', '13620000042', 'admin', 1781373742000, 1781373742000, 'admin', 'admin', b'0', NULL, '100001'),
('demo_ct_043', 'demo_c_022', '梁浩', '13620000043', 'admin', 1781373743000, 1781373743000, 'admin', 'admin', b'0', NULL, '100001'),
('demo_ct_044', 'demo_c_022', '梁丹', '13620000044', 'admin', 1781373744000, 1781373744000, 'admin', 'admin', b'0', NULL, '100001'),
('demo_ct_045', 'demo_c_023', '谢丹', '13620000045', 'admin', 1781373745000, 1781373745000, 'admin', 'admin', b'0', NULL, '100001'),
('demo_ct_046', 'demo_c_023', '谢宁', '13620000046', 'admin', 1781373746000, 1781373746000, 'admin', 'admin', b'0', NULL, '100001'),
('demo_ct_047', 'demo_c_024', '宋宁', '13620000047', 'admin', 1781373747000, 1781373747000, 'admin', 'admin', b'0', NULL, '100001'),
('demo_ct_048', 'demo_c_024', '宋琳', '13620000048', 'admin', 1781373748000, 1781373748000, 'admin', 'admin', b'0', NULL, '100001'),
('demo_ct_049', 'demo_c_025', '唐琳', '13620000049', 'admin', 1781373749000, 1781373749000, 'admin', 'admin', b'0', NULL, '100001'),
('demo_ct_050', 'demo_c_025', '唐峰', '13620000050', 'admin', 1781373750000, 1781373750000, 'admin', 'admin', b'0', NULL, '100001'),
('demo_ct_051', 'demo_c_026', '许峰', '13620000051', 'admin', 1781373751000, 1781373751000, 'admin', 'admin', b'0', NULL, '100001'),
('demo_ct_052', 'demo_c_026', '许明', '13620000052', 'admin', 1781373752000, 1781373752000, 'admin', 'admin', b'0', NULL, '100001'),
('demo_ct_053', 'demo_c_027', '邓明', '13620000053', 'admin', 1781373753000, 1781373753000, 'admin', 'admin', b'0', NULL, '100001'),
('demo_ct_054', 'demo_c_027', '邓娜', '13620000054', 'admin', 1781373754000, 1781373754000, 'admin', 'admin', b'0', NULL, '100001')
ON DUPLICATE KEY UPDATE `customer_id` = VALUES(`customer_id`), `name` = VALUES(`name`), `phone` = VALUES(`phone`), `owner` = VALUES(`owner`), `update_time` = VALUES(`update_time`), `update_user` = VALUES(`update_user`);

INSERT INTO opportunity (`id`, `customer_id`, `name`, `amount`, `possible`, `products`, `organization_id`, `last_stage`, `stage`, `contact_id`, `owner`, `update_user`, `create_time`, `update_time`, `create_user`, `follower`, `follow_time`, `expected_end_time`, `actual_end_time`, `failure_reason`, `pos`) VALUES
('demo_o_001', 'demo_c_001', '华北装备制造集团高风险大单1期', 1405000.0000, 45.0000, '["demo_p_001"]', '100001', NULL, 'BUSINESS_PROCUREMENT', 'demo_ct_001', 'admin', 'admin', 1781373901000, 1781373901000, 'admin', 'admin', 1781417101000, 1782669600000, NULL, NULL, 1),
('demo_o_002', 'demo_c_001', '华北装备制造集团交付风险单2期', 526000.0000, 57.0000, '["demo_p_002"]', '100001', NULL, 'SCHEME_VALIDATION', 'demo_ct_002', 'admin', 'admin', 1781373902000, 1781373902000, 'admin', 'admin', 1781417102000, 1782756000000, NULL, NULL, 2),
('demo_o_003', 'demo_c_001', '华北装备制造集团标准推进单3期', 217000.0000, 79.0000, '["392650858002653185"]', '100001', NULL, 'CLEAR_REQUIREMENTS', 'demo_ct_001', 'admin', 'admin', 1781373903000, 1781373903000, 'admin', 'admin', 1781417103000, 1782842400000, NULL, NULL, 3),
('demo_o_004', 'demo_c_002', '东海新能源科技交付风险单1期', 600000.0000, 57.0000, '["demo_p_002"]', '100001', NULL, 'SCHEME_VALIDATION', 'demo_ct_003', 'admin', 'admin', 1781373904000, 1781373904000, 'admin', 'admin', 1781417104000, 1782756000000, NULL, NULL, 4),
('demo_o_005', 'demo_c_002', '东海新能源科技标准推进单2期', 328000.0000, 79.0000, '["392650858002653185"]', '100001', NULL, 'CLEAR_REQUIREMENTS', 'demo_ct_004', 'admin', 'admin', 1781373905000, 1781373905000, 'admin', 'admin', 1781417105000, 1782842400000, NULL, NULL, 5),
('demo_o_006', 'demo_c_002', '东海新能源科技续费扩容单3期', 716000.0000, 91.0000, '["demo_p_004"]', '100001', NULL, 'PROJECT_PROPOSAL_REPORT', 'demo_ct_003', 'admin', 'admin', 1781373906000, 1781373906000, 'admin', 'admin', 1781417106000, 1782928800000, NULL, NULL, 6),
('demo_o_007', 'demo_c_003', '西南医药流通股份标准推进单1期', 365000.0000, 79.0000, '["392650858002653185"]', '100001', NULL, 'CLEAR_REQUIREMENTS', 'demo_ct_005', 'admin', 'admin', 1781373907000, 1781373907000, 'admin', 'admin', 1781417107000, 1782842400000, NULL, NULL, 7),
('demo_o_008', 'demo_c_003', '西南医药流通股份续费扩容单2期', 250000.0000, 91.0000, '["demo_p_004"]', '100001', NULL, 'PROJECT_PROPOSAL_REPORT', 'demo_ct_006', 'admin', 'admin', 1781373908000, 1781373908000, 'admin', 'admin', 1781417108000, 1782928800000, NULL, NULL, 8),
('demo_o_009', 'demo_c_003', '西南医药流通股份合同风险单3期', 695000.0000, 68.0000, '["demo_p_001"]', '100001', NULL, 'BUSINESS_PROCUREMENT', 'demo_ct_005', 'admin', 'admin', 1781373909000, 1781373909000, 'admin', 'admin', 1781417109000, 1783015200000, NULL, NULL, 9),
('demo_o_010', 'demo_c_004', '中原智慧园区运营续费扩容单1期', 250000.0000, 91.0000, '["demo_p_004"]', '100001', NULL, 'PROJECT_PROPOSAL_REPORT', 'demo_ct_007', 'admin', 'admin', 1781373910000, 1781373910000, 'admin', 'admin', 1781417110000, 1782928800000, NULL, NULL, 10),
('demo_o_011', 'demo_c_004', '中原智慧园区运营合同风险单2期', 732000.0000, 68.0000, '["demo_p_001"]', '100001', NULL, 'BUSINESS_PROCUREMENT', 'demo_ct_008', 'admin', 'admin', 1781373911000, 1781373911000, 'admin', 'admin', 1781417111000, 1783015200000, NULL, NULL, 11),
('demo_o_012', 'demo_c_004', '中原智慧园区运营低优先级小单3期', 174000.0000, 29.0000, '["392653993328779264"]', '100001', NULL, 'CREATE', 'demo_ct_007', 'admin', 'admin', 1781373912000, 1781373912000, 'admin', 'admin', 1781417112000, 1783101600000, NULL, NULL, 12),
('demo_o_013', 'demo_c_005', '岭南连锁餐饮集团合同风险单1期', 695000.0000, 68.0000, '["demo_p_001"]', '100001', NULL, 'BUSINESS_PROCUREMENT', 'demo_ct_009', 'admin', 'admin', 1781373913000, 1781373913000, 'admin', 'admin', 1781417113000, 1783015200000, NULL, NULL, 13),
('demo_o_014', 'demo_c_005', '岭南连锁餐饮集团低优先级小单2期', 174000.0000, 29.0000, '["392653993328779264"]', '100001', NULL, 'CREATE', 'demo_ct_010', 'admin', 'admin', 1781373914000, 1781373914000, 'admin', 'admin', 1781417114000, 1783101600000, NULL, NULL, 14),
('demo_o_015', 'demo_c_005', '岭南连锁餐饮集团预测重点单3期', 613000.0000, 75.0000, '["demo_p_003"]', '100001', NULL, 'PROJECT_PROPOSAL_REPORT', 'demo_ct_009', 'admin', 'admin', 1781373915000, 1781373915000, 'admin', 'admin', 1781417115000, 1783188000000, NULL, NULL, 15),
('demo_o_016', 'demo_c_006', '长三角工业互联网公司低优先级小单1期', 100000.0000, 29.0000, '["392653993328779264"]', '100001', NULL, 'CREATE', 'demo_ct_011', 'admin', 'admin', 1781373916000, 1781373916000, 'admin', 'admin', 1781417116000, 1783101600000, NULL, NULL, 16),
('demo_o_017', 'demo_c_006', '长三角工业互联网公司预测重点单2期', 1476000.0000, 75.0000, '["demo_p_003"]', '100001', NULL, 'PROJECT_PROPOSAL_REPORT', 'demo_ct_012', 'admin', 'admin', 1781373917000, 1781373917000, 'admin', 'admin', 1781417117000, 1783188000000, NULL, NULL, 17),
('demo_o_018', 'demo_c_006', '长三角工业互联网公司高风险大单3期', 1022000.0000, 66.0000, '["demo_p_001"]', '100001', NULL, 'BUSINESS_PROCUREMENT', 'demo_ct_011', 'admin', 'admin', 1781373918000, 1781373918000, 'admin', 'admin', 1781417118000, 1783274400000, NULL, NULL, 18),
('demo_o_019', 'demo_c_007', '京津企业服务控股预测重点单1期', 1365000.0000, 75.0000, '["demo_p_003"]', '100001', NULL, 'PROJECT_PROPOSAL_REPORT', 'demo_ct_013', 'admin', 'admin', 1781373919000, 1781373919000, 'admin', 'admin', 1781417119000, 1783188000000, NULL, NULL, 19),
('demo_o_020', 'demo_c_007', '京津企业服务控股高风险大单2期', 948000.0000, 66.0000, '["demo_p_001"]', '100001', NULL, 'BUSINESS_PROCUREMENT', 'demo_ct_014', 'admin', 'admin', 1781373920000, 1781373920000, 'admin', 'admin', 1781417120000, 1783274400000, NULL, NULL, 20),
('demo_o_021', 'demo_c_007', '京津企业服务控股交付风险单3期', 511000.0000, 77.0000, '["demo_p_002"]', '100001', NULL, 'SCHEME_VALIDATION', 'demo_ct_013', 'admin', 'admin', 1781373921000, 1781373921000, 'admin', 'admin', 1781417121000, 1783360800000, NULL, NULL, 21),
('demo_o_022', 'demo_c_008', '川渝物流供应链高风险大单1期', 1750000.0000, 66.0000, '["demo_p_001"]', '100001', NULL, 'BUSINESS_PROCUREMENT', 'demo_ct_015', 'admin', 'admin', 1781373922000, 1781373922000, 'admin', 'admin', 1781417122000, 1783274400000, NULL, NULL, 22),
('demo_o_023', 'demo_c_008', '川渝物流供应链交付风险单2期', 960000.0000, 77.0000, '["demo_p_002"]', '100001', NULL, 'SCHEME_VALIDATION', 'demo_ct_016', 'admin', 'admin', 1781373923000, 1781373923000, 'admin', 'admin', 1781417123000, 1783360800000, NULL, NULL, 23),
('demo_o_024', 'demo_c_008', '川渝物流供应链标准推进单3期', 230000.0000, 80.0000, '["392650858002653185"]', '100001', NULL, 'CLEAR_REQUIREMENTS', 'demo_ct_015', 'admin', 'admin', 1781373924000, 1781373924000, 'admin', 'admin', 1781417124000, 1783447200000, NULL, NULL, 24),
('demo_o_025', 'demo_c_009', '海峡跨境电商有限公司交付风险单1期', 775000.0000, 77.0000, '["demo_p_002"]', '100001', NULL, 'SCHEME_VALIDATION', 'demo_ct_017', 'admin', 'admin', 1781373925000, 1781373925000, 'admin', 'admin', 1781417125000, 1783360800000, NULL, NULL, 25),
('demo_o_026', 'demo_c_009', '海峡跨境电商有限公司标准推进单2期', 442000.0000, 80.0000, '["392650858002653185"]', '100001', NULL, 'CLEAR_REQUIREMENTS', 'demo_ct_018', 'admin', 'admin', 1781373926000, 1781373926000, 'admin', 'admin', 1781417126000, 1783447200000, NULL, NULL, 26),
('demo_o_027', 'demo_c_009', '海峡跨境电商有限公司续费扩容单3期', 369000.0000, 71.0000, '["demo_p_004"]', '100001', NULL, 'PROJECT_PROPOSAL_REPORT', 'demo_ct_017', 'admin', 'admin', 1781373927000, 1781373927000, 'admin', 'admin', 1781417127000, 1783533600000, NULL, NULL, 27),
('demo_o_028', 'demo_c_010', '华中教育科技集团标准推进单1期', 220000.0000, 80.0000, '["392650858002653185"]', '100001', NULL, 'CLEAR_REQUIREMENTS', 'demo_ct_019', 'admin', 'admin', 1781373928000, 1781373928000, 'admin', 'admin', 1781417128000, 1783447200000, NULL, NULL, 28),
('demo_o_029', 'demo_c_010', '华中教育科技集团续费扩容单2期', 724000.0000, 71.0000, '["demo_p_004"]', '100001', NULL, 'PROJECT_PROPOSAL_REPORT', 'demo_ct_020', 'admin', 'admin', 1781373929000, 1781373929000, 'admin', 'admin', 1781417129000, 1783533600000, NULL, NULL, 29),
('demo_o_030', 'demo_c_010', '华中教育科技集团合同风险单3期', 708000.0000, 59.0000, '["demo_p_001"]', '100001', NULL, 'BUSINESS_PROCUREMENT', 'demo_ct_019', 'admin', 'admin', 1781373930000, 1781373930000, 'admin', 'admin', 1781417130000, 1783620000000, NULL, NULL, 30),
('demo_o_031', 'demo_c_011', '鲁南零部件制造续费扩容单1期', 465000.0000, 71.0000, '["demo_p_004"]', '100001', NULL, 'PROJECT_PROPOSAL_REPORT', 'demo_ct_021', 'admin', 'admin', 1781373931000, 1781373931000, 'admin', 'admin', 1781417131000, 1783533600000, NULL, NULL, 31),
('demo_o_032', 'demo_c_011', '鲁南零部件制造合同风险单2期', 486000.0000, 59.0000, '["demo_p_001"]', '100001', NULL, 'BUSINESS_PROCUREMENT', 'demo_ct_022', 'admin', 'admin', 1781373932000, 1781373932000, 'admin', 'admin', 1781417132000, 1783620000000, NULL, NULL, 32),
('demo_o_033', 'demo_c_011', '鲁南零部件制造低优先级小单3期', 167000.0000, 26.0000, '["392653993328779264"]', '100001', NULL, 'CREATE', 'demo_ct_021', 'admin', 'admin', 1781373933000, 1781373933000, 'admin', 'admin', 1781417133000, 1783706400000, NULL, NULL, 33),
('demo_o_034', 'demo_c_012', '苏杭数字政务服务合同风险单1期', 1090000.0000, 59.0000, '["demo_p_001"]', '100001', NULL, 'BUSINESS_PROCUREMENT', 'demo_ct_023', 'admin', 'admin', 1781373934000, 1781373934000, 'admin', 'admin', 1781417134000, 1783620000000, NULL, NULL, 34),
('demo_o_035', 'demo_c_012', '苏杭数字政务服务低优先级小单2期', 168000.0000, 26.0000, '["392653993328779264"]', '100001', NULL, 'CREATE', 'demo_ct_024', 'admin', 'admin', 1781373935000, 1781373935000, 'admin', 'admin', 1781417135000, 1783706400000, NULL, NULL, 35),
('demo_o_036', 'demo_c_013', '成渝金融外包中心低优先级小单1期', 95000.0000, 26.0000, '["392653993328779264"]', '100001', NULL, 'CREATE', 'demo_ct_025', 'admin', 'admin', 1781373936000, 1781373936000, 'admin', 'admin', 1781417136000, 1783706400000, NULL, NULL, 36),
('demo_o_037', 'demo_c_013', '成渝金融外包中心预测重点单2期', 1230000.0000, 74.0000, '["demo_p_003"]', '100001', NULL, 'PROJECT_PROPOSAL_REPORT', 'demo_ct_026', 'admin', 'admin', 1781373937000, 1781373937000, 'admin', 'admin', 1781417137000, 1783792800000, NULL, NULL, 37),
('demo_o_038', 'demo_c_014', '珠江 SaaS 服务商预测重点单1期', 860000.0000, 74.0000, '["demo_p_003"]', '100001', NULL, 'PROJECT_PROPOSAL_REPORT', 'demo_ct_027', 'admin', 'admin', 1781373938000, 1781373938000, 'admin', 'admin', 1781417138000, 1783792800000, NULL, NULL, 38),
('demo_o_039', 'demo_c_014', '珠江 SaaS 服务商高风险大单2期', 1552000.0000, 59.0000, '["demo_p_001"]', '100001', NULL, 'BUSINESS_PROCUREMENT', 'demo_ct_028', 'admin', 'admin', 1781373939000, 1781373939000, 'admin', 'admin', 1781417139000, 1783879200000, NULL, NULL, 39),
('demo_o_040', 'demo_c_015', '西北能源运维集团高风险大单1期', 1145000.0000, 59.0000, '["demo_p_001"]', '100001', NULL, 'BUSINESS_PROCUREMENT', 'demo_ct_029', 'admin', 'admin', 1781373940000, 1781373940000, 'admin', 'admin', 1781417140000, 1783879200000, NULL, NULL, 40),
('demo_o_041', 'demo_c_015', '西北能源运维集团交付风险单2期', 834000.0000, 68.0000, '["demo_p_002"]', '100001', NULL, 'SCHEME_VALIDATION', 'demo_ct_030', 'admin', 'admin', 1781373941000, 1781373941000, 'admin', 'admin', 1781417141000, 1783965600000, NULL, NULL, 41),
('demo_o_042', 'demo_c_016', '江南智能家居品牌交付风险单1期', 950000.0000, 68.0000, '["demo_p_002"]', '100001', NULL, 'SCHEME_VALIDATION', 'demo_ct_031', 'admin', 'admin', 1781373942000, 1781373942000, 'admin', 'admin', 1781417142000, 1783965600000, NULL, NULL, 42),
('demo_o_043', 'demo_c_016', '江南智能家居品牌标准推进单2期', 196000.0000, 81.0000, '["392650858002653185"]', '100001', NULL, 'CLEAR_REQUIREMENTS', 'demo_ct_032', 'admin', 'admin', 1781373943000, 1781373943000, 'admin', 'admin', 1781417143000, 1784052000000, NULL, NULL, 43),
('demo_o_044', 'demo_c_017', '东北冷链物流集团标准推进单1期', 435000.0000, 81.0000, '["392650858002653185"]', '100001', NULL, 'CLEAR_REQUIREMENTS', 'demo_ct_033', 'admin', 'admin', 1781373944000, 1781373944000, 'admin', 'admin', 1781417144000, 1784052000000, NULL, NULL, 44),
('demo_o_045', 'demo_c_017', '东北冷链物流集团续费扩容单2期', 658000.0000, 74.0000, '["demo_p_004"]', '100001', NULL, 'PROJECT_PROPOSAL_REPORT', 'demo_ct_034', 'admin', 'admin', 1781373945000, 1781373945000, 'admin', 'admin', 1781417145000, 1784138400000, NULL, NULL, 45),
('demo_o_046', 'demo_c_018', '青岛海工装备公司续费扩容单1期', 680000.0000, 74.0000, '["demo_p_004"]', '100001', NULL, 'PROJECT_PROPOSAL_REPORT', 'demo_ct_035', 'admin', 'admin', 1781373946000, 1781373946000, 'admin', 'admin', 1781417146000, 1784138400000, NULL, NULL, 46),
('demo_o_047', 'demo_c_018', '青岛海工装备公司合同风险单2期', 1140000.0000, 50.0000, '["demo_p_001"]', '100001', NULL, 'BUSINESS_PROCUREMENT', 'demo_ct_036', 'admin', 'admin', 1781373947000, 1781373947000, 'admin', 'admin', 1781417147000, 1784224800000, NULL, NULL, 47),
('demo_o_048', 'demo_c_019', '厦门文旅运营集团合同风险单1期', 585000.0000, 50.0000, '["demo_p_001"]', '100001', NULL, 'BUSINESS_PROCUREMENT', 'demo_ct_037', 'admin', 'admin', 1781373948000, 1781373948000, 'admin', 'admin', 1781417148000, 1784224800000, NULL, NULL, 48),
('demo_o_049', 'demo_c_019', '厦门文旅运营集团低优先级小单2期', 162000.0000, 23.0000, '["392653993328779264"]', '100001', NULL, 'CREATE', 'demo_ct_038', 'admin', 'admin', 1781373949000, 1781373949000, 'admin', 'admin', 1781417149000, 1784311200000, NULL, NULL, 49),
('demo_o_050', 'demo_c_020', '武汉软件园服务公司低优先级小单1期', 90000.0000, 23.0000, '["392653993328779264"]', '100001', NULL, 'CREATE', 'demo_ct_039', 'admin', 'admin', 1781373950000, 1781373950000, 'admin', 'admin', 1781417150000, 1784311200000, NULL, NULL, 50),
('demo_o_051', 'demo_c_020', '武汉软件园服务公司预测重点单2期', 984000.0000, 73.0000, '["demo_p_003"]', '100001', NULL, 'PROJECT_PROPOSAL_REPORT', 'demo_ct_040', 'admin', 'admin', 1781373951000, 1781373951000, 'admin', 'admin', 1781417151000, 1784397600000, NULL, NULL, 51),
('demo_o_052', 'demo_c_021', '合肥先进材料科技预测重点单1期', 1255000.0000, 73.0000, '["demo_p_003"]', '100001', NULL, 'PROJECT_PROPOSAL_REPORT', 'demo_ct_041', 'admin', 'admin', 1781373952000, 1781373952000, 'admin', 'admin', 1781417152000, 1784397600000, NULL, NULL, 52),
('demo_o_053', 'demo_c_021', '合肥先进材料科技高风险大单2期', 1206000.0000, 52.0000, '["demo_p_001"]', '100001', NULL, 'BUSINESS_PROCUREMENT', 'demo_ct_042', 'admin', 'admin', 1781373953000, 1781373953000, 'admin', 'admin', 1781417153000, 1784484000000, NULL, NULL, 53),
('demo_o_054', 'demo_c_022', '宁波汽配供应链高风险大单1期', 1490000.0000, 52.0000, '["demo_p_001"]', '100001', NULL, 'BUSINESS_PROCUREMENT', 'demo_ct_043', 'admin', 'admin', 1781373954000, 1781373954000, 'admin', 'admin', 1781417154000, 1784484000000, NULL, NULL, 54),
('demo_o_055', 'demo_c_022', '宁波汽配供应链交付风险单2期', 708000.0000, 59.0000, '["demo_p_002"]', '100001', NULL, 'SCHEME_VALIDATION', 'demo_ct_044', 'admin', 'admin', 1781373955000, 1781373955000, 'admin', 'admin', 1781417155000, 1784570400000, NULL, NULL, 55),
('demo_o_056', 'demo_c_023', '郑州商超零售集团交付风险单1期', 565000.0000, 59.0000, '["demo_p_002"]', '100001', NULL, 'SCHEME_VALIDATION', 'demo_ct_045', 'admin', 'admin', 1781373956000, 1781373956000, 'admin', 'admin', 1781417156000, 1784570400000, NULL, NULL, 56),
('demo_o_057', 'demo_c_023', '郑州商超零售集团标准推进单2期', 310000.0000, 82.0000, '["392650858002653185"]', '100001', NULL, 'CLEAR_REQUIREMENTS', 'demo_ct_046', 'admin', 'admin', 1781373957000, 1781373957000, 'admin', 'admin', 1781417157000, 1784656800000, NULL, NULL, 57),
('demo_o_058', 'demo_c_024', '重庆智慧物业集团标准推进单1期', 290000.0000, 82.0000, '["392650858002653185"]', '100001', NULL, 'CLEAR_REQUIREMENTS', 'demo_ct_047', 'admin', 'admin', 1781373958000, 1781373958000, 'admin', 'admin', 1781417158000, 1784656800000, NULL, NULL, 58),
('demo_o_059', 'demo_c_024', '重庆智慧物业集团续费扩容单2期', 592000.0000, 77.0000, '["demo_p_004"]', '100001', NULL, 'PROJECT_PROPOSAL_REPORT', 'demo_ct_048', 'admin', 'admin', 1781373959000, 1781373959000, 'admin', 'admin', 1781417159000, 1784743200000, NULL, NULL, 59),
('demo_o_060', 'demo_c_025', '深圳机器人科技续费扩容单1期', 355000.0000, 77.0000, '["demo_p_004"]', '100001', NULL, 'PROJECT_PROPOSAL_REPORT', 'demo_ct_049', 'admin', 'admin', 1781373960000, 1781373960000, 'admin', 'admin', 1781417160000, 1784743200000, NULL, NULL, 60),
('demo_o_061', 'demo_c_025', '深圳机器人科技合同风险单2期', 894000.0000, 41.0000, '["demo_p_001"]', '100001', NULL, 'BUSINESS_PROCUREMENT', 'demo_ct_050', 'admin', 'admin', 1781373961000, 1781373961000, 'admin', 'admin', 1781417161000, 1784829600000, NULL, NULL, 61),
('demo_o_062', 'demo_c_026', '杭州客户成功咨询合同风险单1期', 980000.0000, 41.0000, '["demo_p_001"]', '100001', NULL, 'BUSINESS_PROCUREMENT', 'demo_ct_051', 'admin', 'admin', 1781373962000, 1781373962000, 'admin', 'admin', 1781417162000, 1784829600000, NULL, NULL, 62),
('demo_o_063', 'demo_c_026', '杭州客户成功咨询低优先级小单2期', 156000.0000, 20.0000, '["392653993328779264"]', '100001', NULL, 'CREATE', 'demo_ct_052', 'admin', 'admin', 1781373963000, 1781373963000, 'admin', 'admin', 1781417163000, 1784916000000, NULL, NULL, 63),
('demo_o_064', 'demo_c_027', '南京数据治理中心低优先级小单1期', 85000.0000, 20.0000, '["392653993328779264"]', '100001', NULL, 'CREATE', 'demo_ct_053', 'admin', 'admin', 1781373964000, 1781373964000, 'admin', 'admin', 1781417164000, 1784916000000, NULL, NULL, 64),
('demo_o_065', 'demo_c_027', '南京数据治理中心预测重点单2期', 738000.0000, 72.0000, '["demo_p_003"]', '100001', NULL, 'PROJECT_PROPOSAL_REPORT', 'demo_ct_054', 'admin', 'admin', 1781373965000, 1781373965000, 'admin', 'admin', 1781417165000, 1785002400000, NULL, NULL, 65)
ON DUPLICATE KEY UPDATE `customer_id` = VALUES(`customer_id`), `name` = VALUES(`name`), `amount` = VALUES(`amount`), `possible` = VALUES(`possible`), `products` = VALUES(`products`), `stage` = VALUES(`stage`), `contact_id` = VALUES(`contact_id`), `owner` = VALUES(`owner`), `update_time` = VALUES(`update_time`), `update_user` = VALUES(`update_user`), `follower` = VALUES(`follower`), `follow_time` = VALUES(`follow_time`), `expected_end_time` = VALUES(`expected_end_time`), `pos` = VALUES(`pos`);

INSERT INTO follow_up_record (`id`, `customer_id`, `opportunity_id`, `type`, `clue_id`, `content`, `organization_id`, `follow_time`, `follow_method`, `owner`, `contact_id`, `create_time`, `update_time`, `create_user`, `update_user`) VALUES
('demo_r_001', 'demo_c_001', 'demo_o_001', 'CUSTOMER', NULL, '客户要求 8 折、首付 30%、分四期付款，并希望合同中加入延期赔付条款。 关联商机：华北装备制造集团高风险大单1期。', '100001', 1781373901000, '2', 'admin', 'demo_ct_001', 1781373901000, 1781373901000, 'admin', 'admin'),
('demo_r_002', 'demo_c_001', 'demo_o_001', 'CUSTOMER', NULL, '客户采购流程已推进到商务阶段，但付款节点和验收标准仍未明确。 关联商机：华北装备制造集团高风险大单1期。', '100001', 1781377501000, '1', 'admin', 'demo_ct_001', 1781377501000, 1781377501000, 'admin', 'admin'),
('demo_r_003', 'demo_c_001', 'demo_o_002', 'CUSTOMER', NULL, '客户要求两周内上线核心模块，同时提出多个定制字段和审批流。 关联商机：华北装备制造集团交付风险单2期。', '100001', 1781373902000, '2', 'admin', 'demo_ct_002', 1781373902000, 1781373902000, 'admin', 'admin'),
('demo_r_004', 'demo_c_001', 'demo_o_002', 'CUSTOMER', NULL, '交付团队初步判断标准模块可先上线，定制需求需要拆到二期。 关联商机：华北装备制造集团交付风险单2期。', '100001', 1781377502000, '1', 'admin', 'demo_ct_002', 1781377502000, 1781377502000, 'admin', 'admin'),
('demo_r_005', 'demo_c_001', 'demo_o_003', 'CUSTOMER', NULL, '客户需求清晰，接受标准合同和首付 60% 的付款方式。 关联商机：华北装备制造集团标准推进单3期。', '100001', 1781373903000, '2', 'admin', 'demo_ct_001', 1781373903000, 1781373903000, 'admin', 'admin'),
('demo_r_006', 'demo_c_001', 'demo_o_003', 'CUSTOMER', NULL, '客户已完成产品演示，下一步进入方案确认和报价沟通。 关联商机：华北装备制造集团标准推进单3期。', '100001', 1781377503000, '1', 'admin', 'demo_ct_001', 1781377503000, 1781377503000, 'admin', 'admin'),
('demo_r_007', 'demo_c_002', 'demo_o_004', 'CUSTOMER', NULL, '客户要求两周内上线核心模块，同时提出多个定制字段和审批流。 关联商机：东海新能源科技交付风险单1期。', '100001', 1781373904000, '2', 'admin', 'demo_ct_003', 1781373904000, 1781373904000, 'admin', 'admin'),
('demo_r_008', 'demo_c_002', 'demo_o_004', 'CUSTOMER', NULL, '交付团队初步判断标准模块可先上线，定制需求需要拆到二期。 关联商机：东海新能源科技交付风险单1期。', '100001', 1781377504000, '1', 'admin', 'demo_ct_003', 1781377504000, 1781377504000, 'admin', 'admin'),
('demo_r_009', 'demo_c_002', 'demo_o_005', 'CUSTOMER', NULL, '客户需求清晰，接受标准合同和首付 60% 的付款方式。 关联商机：东海新能源科技标准推进单2期。', '100001', 1781373905000, '2', 'admin', 'demo_ct_004', 1781373905000, 1781373905000, 'admin', 'admin'),
('demo_r_010', 'demo_c_002', 'demo_o_005', 'CUSTOMER', NULL, '客户已完成产品演示，下一步进入方案确认和报价沟通。 关联商机：东海新能源科技标准推进单2期。', '100001', 1781377505000, '1', 'admin', 'demo_ct_004', 1781377505000, 1781377505000, 'admin', 'admin'),
('demo_r_011', 'demo_c_002', 'demo_o_006', 'CUSTOMER', NULL, '客户已有一期系统使用基础，希望新增客户运营自动化能力。 关联商机：东海新能源科技续费扩容单3期。', '100001', 1781373906000, '2', 'admin', 'demo_ct_003', 1781373906000, 1781373906000, 'admin', 'admin'),
('demo_r_012', 'demo_c_002', 'demo_o_006', 'CUSTOMER', NULL, '客户关注续费折扣、老数据迁移和新模块上线排期。 关联商机：东海新能源科技续费扩容单3期。', '100001', 1781377506000, '1', 'admin', 'demo_ct_003', 1781377506000, 1781377506000, 'admin', 'admin'),
('demo_r_013', 'demo_c_003', 'demo_o_007', 'CUSTOMER', NULL, '客户需求清晰，接受标准合同和首付 60% 的付款方式。 关联商机：西南医药流通股份标准推进单1期。', '100001', 1781373907000, '2', 'admin', 'demo_ct_005', 1781373907000, 1781373907000, 'admin', 'admin'),
('demo_r_014', 'demo_c_003', 'demo_o_007', 'CUSTOMER', NULL, '客户已完成产品演示，下一步进入方案确认和报价沟通。 关联商机：西南医药流通股份标准推进单1期。', '100001', 1781377507000, '1', 'admin', 'demo_ct_005', 1781377507000, 1781377507000, 'admin', 'admin'),
('demo_r_015', 'demo_c_003', 'demo_o_008', 'CUSTOMER', NULL, '客户已有一期系统使用基础，希望新增客户运营自动化能力。 关联商机：西南医药流通股份续费扩容单2期。', '100001', 1781373908000, '2', 'admin', 'demo_ct_006', 1781373908000, 1781373908000, 'admin', 'admin'),
('demo_r_016', 'demo_c_003', 'demo_o_008', 'CUSTOMER', NULL, '客户关注续费折扣、老数据迁移和新模块上线排期。 关联商机：西南医药流通股份续费扩容单2期。', '100001', 1781377508000, '1', 'admin', 'demo_ct_006', 1781377508000, 1781377508000, 'admin', 'admin'),
('demo_r_017', 'demo_c_003', 'demo_o_009', 'CUSTOMER', NULL, '客户法务要求加入延期赔付、免费增购和验收不通过可退款条款。 关联商机：西南医药流通股份合同风险单3期。', '100001', 1781373909000, '2', 'admin', 'demo_ct_005', 1781373909000, 1781373909000, 'admin', 'admin'),
('demo_r_018', 'demo_c_003', 'demo_o_009', 'CUSTOMER', NULL, '合同条款需要法务和交付共同确认，销售暂不能直接承诺。 关联商机：西南医药流通股份合同风险单3期。', '100001', 1781377509000, '1', 'admin', 'demo_ct_005', 1781377509000, 1781377509000, 'admin', 'admin'),
('demo_r_019', 'demo_c_004', 'demo_o_010', 'CUSTOMER', NULL, '客户已有一期系统使用基础，希望新增客户运营自动化能力。 关联商机：中原智慧园区运营续费扩容单1期。', '100001', 1781373910000, '2', 'admin', 'demo_ct_007', 1781373910000, 1781373910000, 'admin', 'admin'),
('demo_r_020', 'demo_c_004', 'demo_o_010', 'CUSTOMER', NULL, '客户关注续费折扣、老数据迁移和新模块上线排期。 关联商机：中原智慧园区运营续费扩容单1期。', '100001', 1781377510000, '1', 'admin', 'demo_ct_007', 1781377510000, 1781377510000, 'admin', 'admin'),
('demo_r_021', 'demo_c_004', 'demo_o_011', 'CUSTOMER', NULL, '客户法务要求加入延期赔付、免费增购和验收不通过可退款条款。 关联商机：中原智慧园区运营合同风险单2期。', '100001', 1781373911000, '2', 'admin', 'demo_ct_008', 1781373911000, 1781373911000, 'admin', 'admin'),
('demo_r_022', 'demo_c_004', 'demo_o_011', 'CUSTOMER', NULL, '合同条款需要法务和交付共同确认，销售暂不能直接承诺。 关联商机：中原智慧园区运营合同风险单2期。', '100001', 1781377511000, '1', 'admin', 'demo_ct_008', 1781377511000, 1781377511000, 'admin', 'admin'),
('demo_r_023', 'demo_c_004', 'demo_o_012', 'CUSTOMER', NULL, '客户还在早期了解阶段，预算和项目窗口都不明确。 关联商机：中原智慧园区运营低优先级小单3期。', '100001', 1781373912000, '2', 'admin', 'demo_ct_007', 1781373912000, 1781373912000, 'admin', 'admin'),
('demo_r_024', 'demo_c_004', 'demo_o_012', 'CUSTOMER', NULL, '建议维持低频跟进，等待客户明确内部立项节奏。 关联商机：中原智慧园区运营低优先级小单3期。', '100001', 1781377512000, '1', 'admin', 'demo_ct_007', 1781377512000, 1781377512000, 'admin', 'admin'),
('demo_r_025', 'demo_c_005', 'demo_o_013', 'CUSTOMER', NULL, '客户法务要求加入延期赔付、免费增购和验收不通过可退款条款。 关联商机：岭南连锁餐饮集团合同风险单1期。', '100001', 1781373913000, '2', 'admin', 'demo_ct_009', 1781373913000, 1781373913000, 'admin', 'admin'),
('demo_r_026', 'demo_c_005', 'demo_o_013', 'CUSTOMER', NULL, '合同条款需要法务和交付共同确认，销售暂不能直接承诺。 关联商机：岭南连锁餐饮集团合同风险单1期。', '100001', 1781377513000, '1', 'admin', 'demo_ct_009', 1781377513000, 1781377513000, 'admin', 'admin'),
('demo_r_027', 'demo_c_005', 'demo_o_014', 'CUSTOMER', NULL, '客户还在早期了解阶段，预算和项目窗口都不明确。 关联商机：岭南连锁餐饮集团低优先级小单2期。', '100001', 1781373914000, '2', 'admin', 'demo_ct_010', 1781373914000, 1781373914000, 'admin', 'admin'),
('demo_r_028', 'demo_c_005', 'demo_o_014', 'CUSTOMER', NULL, '建议维持低频跟进，等待客户明确内部立项节奏。 关联商机：岭南连锁餐饮集团低优先级小单2期。', '100001', 1781377514000, '1', 'admin', 'demo_ct_010', 1781377514000, 1781377514000, 'admin', 'admin'),
('demo_r_029', 'demo_c_005', 'demo_o_015', 'CUSTOMER', NULL, '客户希望通过销售预测能力提升季度预测准确率。 关联商机：岭南连锁餐饮集团预测重点单3期。', '100001', 1781373915000, '2', 'admin', 'demo_ct_009', 1781373915000, 1781373915000, 'admin', 'admin'),
('demo_r_030', 'demo_c_005', 'demo_o_015', 'CUSTOMER', NULL, '需要结合历史商机数据、销售阶段和客户活跃度做试点方案。 关联商机：岭南连锁餐饮集团预测重点单3期。', '100001', 1781377515000, '1', 'admin', 'demo_ct_009', 1781377515000, 1781377515000, 'admin', 'admin'),
('demo_r_031', 'demo_c_006', 'demo_o_016', 'CUSTOMER', NULL, '客户还在早期了解阶段，预算和项目窗口都不明确。 关联商机：长三角工业互联网公司低优先级小单1期。', '100001', 1781373916000, '2', 'admin', 'demo_ct_011', 1781373916000, 1781373916000, 'admin', 'admin'),
('demo_r_032', 'demo_c_006', 'demo_o_016', 'CUSTOMER', NULL, '建议维持低频跟进，等待客户明确内部立项节奏。 关联商机：长三角工业互联网公司低优先级小单1期。', '100001', 1781377516000, '1', 'admin', 'demo_ct_011', 1781377516000, 1781377516000, 'admin', 'admin'),
('demo_r_033', 'demo_c_006', 'demo_o_017', 'CUSTOMER', NULL, '客户希望通过销售预测能力提升季度预测准确率。 关联商机：长三角工业互联网公司预测重点单2期。', '100001', 1781373917000, '2', 'admin', 'demo_ct_012', 1781373917000, 1781373917000, 'admin', 'admin'),
('demo_r_034', 'demo_c_006', 'demo_o_017', 'CUSTOMER', NULL, '需要结合历史商机数据、销售阶段和客户活跃度做试点方案。 关联商机：长三角工业互联网公司预测重点单2期。', '100001', 1781377517000, '1', 'admin', 'demo_ct_012', 1781377517000, 1781377517000, 'admin', 'admin'),
('demo_r_035', 'demo_c_006', 'demo_o_018', 'CUSTOMER', NULL, '客户要求 8 折、首付 30%、分四期付款，并希望合同中加入延期赔付条款。 关联商机：长三角工业互联网公司高风险大单3期。', '100001', 1781373918000, '2', 'admin', 'demo_ct_011', 1781373918000, 1781373918000, 'admin', 'admin'),
('demo_r_036', 'demo_c_006', 'demo_o_018', 'CUSTOMER', NULL, '客户采购流程已推进到商务阶段，但付款节点和验收标准仍未明确。 关联商机：长三角工业互联网公司高风险大单3期。', '100001', 1781377518000, '1', 'admin', 'demo_ct_011', 1781377518000, 1781377518000, 'admin', 'admin'),
('demo_r_037', 'demo_c_007', 'demo_o_019', 'CUSTOMER', NULL, '客户希望通过销售预测能力提升季度预测准确率。 关联商机：京津企业服务控股预测重点单1期。', '100001', 1781373919000, '2', 'admin', 'demo_ct_013', 1781373919000, 1781373919000, 'admin', 'admin'),
('demo_r_038', 'demo_c_007', 'demo_o_019', 'CUSTOMER', NULL, '需要结合历史商机数据、销售阶段和客户活跃度做试点方案。 关联商机：京津企业服务控股预测重点单1期。', '100001', 1781377519000, '1', 'admin', 'demo_ct_013', 1781377519000, 1781377519000, 'admin', 'admin'),
('demo_r_039', 'demo_c_007', 'demo_o_020', 'CUSTOMER', NULL, '客户要求 8 折、首付 30%、分四期付款，并希望合同中加入延期赔付条款。 关联商机：京津企业服务控股高风险大单2期。', '100001', 1781373920000, '2', 'admin', 'demo_ct_014', 1781373920000, 1781373920000, 'admin', 'admin'),
('demo_r_040', 'demo_c_007', 'demo_o_020', 'CUSTOMER', NULL, '客户采购流程已推进到商务阶段，但付款节点和验收标准仍未明确。 关联商机：京津企业服务控股高风险大单2期。', '100001', 1781377520000, '1', 'admin', 'demo_ct_014', 1781377520000, 1781377520000, 'admin', 'admin'),
('demo_r_041', 'demo_c_007', 'demo_o_021', 'CUSTOMER', NULL, '客户要求两周内上线核心模块，同时提出多个定制字段和审批流。 关联商机：京津企业服务控股交付风险单3期。', '100001', 1781373921000, '2', 'admin', 'demo_ct_013', 1781373921000, 1781373921000, 'admin', 'admin'),
('demo_r_042', 'demo_c_007', 'demo_o_021', 'CUSTOMER', NULL, '交付团队初步判断标准模块可先上线，定制需求需要拆到二期。 关联商机：京津企业服务控股交付风险单3期。', '100001', 1781377521000, '1', 'admin', 'demo_ct_013', 1781377521000, 1781377521000, 'admin', 'admin'),
('demo_r_043', 'demo_c_008', 'demo_o_022', 'CUSTOMER', NULL, '客户要求 8 折、首付 30%、分四期付款，并希望合同中加入延期赔付条款。 关联商机：川渝物流供应链高风险大单1期。', '100001', 1781373922000, '2', 'admin', 'demo_ct_015', 1781373922000, 1781373922000, 'admin', 'admin'),
('demo_r_044', 'demo_c_008', 'demo_o_022', 'CUSTOMER', NULL, '客户采购流程已推进到商务阶段，但付款节点和验收标准仍未明确。 关联商机：川渝物流供应链高风险大单1期。', '100001', 1781377522000, '1', 'admin', 'demo_ct_015', 1781377522000, 1781377522000, 'admin', 'admin'),
('demo_r_045', 'demo_c_008', 'demo_o_023', 'CUSTOMER', NULL, '客户要求两周内上线核心模块，同时提出多个定制字段和审批流。 关联商机：川渝物流供应链交付风险单2期。', '100001', 1781373923000, '2', 'admin', 'demo_ct_016', 1781373923000, 1781373923000, 'admin', 'admin'),
('demo_r_046', 'demo_c_008', 'demo_o_023', 'CUSTOMER', NULL, '交付团队初步判断标准模块可先上线，定制需求需要拆到二期。 关联商机：川渝物流供应链交付风险单2期。', '100001', 1781377523000, '1', 'admin', 'demo_ct_016', 1781377523000, 1781377523000, 'admin', 'admin'),
('demo_r_047', 'demo_c_008', 'demo_o_024', 'CUSTOMER', NULL, '客户需求清晰，接受标准合同和首付 60% 的付款方式。 关联商机：川渝物流供应链标准推进单3期。', '100001', 1781373924000, '2', 'admin', 'demo_ct_015', 1781373924000, 1781373924000, 'admin', 'admin'),
('demo_r_048', 'demo_c_008', 'demo_o_024', 'CUSTOMER', NULL, '客户已完成产品演示，下一步进入方案确认和报价沟通。 关联商机：川渝物流供应链标准推进单3期。', '100001', 1781377524000, '1', 'admin', 'demo_ct_015', 1781377524000, 1781377524000, 'admin', 'admin'),
('demo_r_049', 'demo_c_009', 'demo_o_025', 'CUSTOMER', NULL, '客户要求两周内上线核心模块，同时提出多个定制字段和审批流。 关联商机：海峡跨境电商有限公司交付风险单1期。', '100001', 1781373925000, '2', 'admin', 'demo_ct_017', 1781373925000, 1781373925000, 'admin', 'admin'),
('demo_r_050', 'demo_c_009', 'demo_o_025', 'CUSTOMER', NULL, '交付团队初步判断标准模块可先上线，定制需求需要拆到二期。 关联商机：海峡跨境电商有限公司交付风险单1期。', '100001', 1781377525000, '1', 'admin', 'demo_ct_017', 1781377525000, 1781377525000, 'admin', 'admin'),
('demo_r_051', 'demo_c_009', 'demo_o_026', 'CUSTOMER', NULL, '客户需求清晰，接受标准合同和首付 60% 的付款方式。 关联商机：海峡跨境电商有限公司标准推进单2期。', '100001', 1781373926000, '2', 'admin', 'demo_ct_018', 1781373926000, 1781373926000, 'admin', 'admin'),
('demo_r_052', 'demo_c_009', 'demo_o_026', 'CUSTOMER', NULL, '客户已完成产品演示，下一步进入方案确认和报价沟通。 关联商机：海峡跨境电商有限公司标准推进单2期。', '100001', 1781377526000, '1', 'admin', 'demo_ct_018', 1781377526000, 1781377526000, 'admin', 'admin'),
('demo_r_053', 'demo_c_009', 'demo_o_027', 'CUSTOMER', NULL, '客户已有一期系统使用基础，希望新增客户运营自动化能力。 关联商机：海峡跨境电商有限公司续费扩容单3期。', '100001', 1781373927000, '2', 'admin', 'demo_ct_017', 1781373927000, 1781373927000, 'admin', 'admin'),
('demo_r_054', 'demo_c_009', 'demo_o_027', 'CUSTOMER', NULL, '客户关注续费折扣、老数据迁移和新模块上线排期。 关联商机：海峡跨境电商有限公司续费扩容单3期。', '100001', 1781377527000, '1', 'admin', 'demo_ct_017', 1781377527000, 1781377527000, 'admin', 'admin'),
('demo_r_055', 'demo_c_010', 'demo_o_028', 'CUSTOMER', NULL, '客户需求清晰，接受标准合同和首付 60% 的付款方式。 关联商机：华中教育科技集团标准推进单1期。', '100001', 1781373928000, '2', 'admin', 'demo_ct_019', 1781373928000, 1781373928000, 'admin', 'admin'),
('demo_r_056', 'demo_c_010', 'demo_o_028', 'CUSTOMER', NULL, '客户已完成产品演示，下一步进入方案确认和报价沟通。 关联商机：华中教育科技集团标准推进单1期。', '100001', 1781377528000, '1', 'admin', 'demo_ct_019', 1781377528000, 1781377528000, 'admin', 'admin'),
('demo_r_057', 'demo_c_010', 'demo_o_029', 'CUSTOMER', NULL, '客户已有一期系统使用基础，希望新增客户运营自动化能力。 关联商机：华中教育科技集团续费扩容单2期。', '100001', 1781373929000, '2', 'admin', 'demo_ct_020', 1781373929000, 1781373929000, 'admin', 'admin'),
('demo_r_058', 'demo_c_010', 'demo_o_029', 'CUSTOMER', NULL, '客户关注续费折扣、老数据迁移和新模块上线排期。 关联商机：华中教育科技集团续费扩容单2期。', '100001', 1781377529000, '1', 'admin', 'demo_ct_020', 1781377529000, 1781377529000, 'admin', 'admin'),
('demo_r_059', 'demo_c_010', 'demo_o_030', 'CUSTOMER', NULL, '客户法务要求加入延期赔付、免费增购和验收不通过可退款条款。 关联商机：华中教育科技集团合同风险单3期。', '100001', 1781373930000, '2', 'admin', 'demo_ct_019', 1781373930000, 1781373930000, 'admin', 'admin'),
('demo_r_060', 'demo_c_010', 'demo_o_030', 'CUSTOMER', NULL, '合同条款需要法务和交付共同确认，销售暂不能直接承诺。 关联商机：华中教育科技集团合同风险单3期。', '100001', 1781377530000, '1', 'admin', 'demo_ct_019', 1781377530000, 1781377530000, 'admin', 'admin'),
('demo_r_061', 'demo_c_011', 'demo_o_031', 'CUSTOMER', NULL, '客户已有一期系统使用基础，希望新增客户运营自动化能力。 关联商机：鲁南零部件制造续费扩容单1期。', '100001', 1781373931000, '2', 'admin', 'demo_ct_021', 1781373931000, 1781373931000, 'admin', 'admin'),
('demo_r_062', 'demo_c_011', 'demo_o_031', 'CUSTOMER', NULL, '客户关注续费折扣、老数据迁移和新模块上线排期。 关联商机：鲁南零部件制造续费扩容单1期。', '100001', 1781377531000, '1', 'admin', 'demo_ct_021', 1781377531000, 1781377531000, 'admin', 'admin'),
('demo_r_063', 'demo_c_011', 'demo_o_032', 'CUSTOMER', NULL, '客户法务要求加入延期赔付、免费增购和验收不通过可退款条款。 关联商机：鲁南零部件制造合同风险单2期。', '100001', 1781373932000, '2', 'admin', 'demo_ct_022', 1781373932000, 1781373932000, 'admin', 'admin'),
('demo_r_064', 'demo_c_011', 'demo_o_032', 'CUSTOMER', NULL, '合同条款需要法务和交付共同确认，销售暂不能直接承诺。 关联商机：鲁南零部件制造合同风险单2期。', '100001', 1781377532000, '1', 'admin', 'demo_ct_022', 1781377532000, 1781377532000, 'admin', 'admin'),
('demo_r_065', 'demo_c_011', 'demo_o_033', 'CUSTOMER', NULL, '客户还在早期了解阶段，预算和项目窗口都不明确。 关联商机：鲁南零部件制造低优先级小单3期。', '100001', 1781373933000, '2', 'admin', 'demo_ct_021', 1781373933000, 1781373933000, 'admin', 'admin'),
('demo_r_066', 'demo_c_011', 'demo_o_033', 'CUSTOMER', NULL, '建议维持低频跟进，等待客户明确内部立项节奏。 关联商机：鲁南零部件制造低优先级小单3期。', '100001', 1781377533000, '1', 'admin', 'demo_ct_021', 1781377533000, 1781377533000, 'admin', 'admin'),
('demo_r_067', 'demo_c_012', 'demo_o_034', 'CUSTOMER', NULL, '客户法务要求加入延期赔付、免费增购和验收不通过可退款条款。 关联商机：苏杭数字政务服务合同风险单1期。', '100001', 1781373934000, '2', 'admin', 'demo_ct_023', 1781373934000, 1781373934000, 'admin', 'admin'),
('demo_r_068', 'demo_c_012', 'demo_o_034', 'CUSTOMER', NULL, '合同条款需要法务和交付共同确认，销售暂不能直接承诺。 关联商机：苏杭数字政务服务合同风险单1期。', '100001', 1781377534000, '1', 'admin', 'demo_ct_023', 1781377534000, 1781377534000, 'admin', 'admin'),
('demo_r_069', 'demo_c_012', 'demo_o_035', 'CUSTOMER', NULL, '客户还在早期了解阶段，预算和项目窗口都不明确。 关联商机：苏杭数字政务服务低优先级小单2期。', '100001', 1781373935000, '2', 'admin', 'demo_ct_024', 1781373935000, 1781373935000, 'admin', 'admin'),
('demo_r_070', 'demo_c_012', 'demo_o_035', 'CUSTOMER', NULL, '建议维持低频跟进，等待客户明确内部立项节奏。 关联商机：苏杭数字政务服务低优先级小单2期。', '100001', 1781377535000, '1', 'admin', 'demo_ct_024', 1781377535000, 1781377535000, 'admin', 'admin'),
('demo_r_071', 'demo_c_013', 'demo_o_036', 'CUSTOMER', NULL, '客户还在早期了解阶段，预算和项目窗口都不明确。 关联商机：成渝金融外包中心低优先级小单1期。', '100001', 1781373936000, '2', 'admin', 'demo_ct_025', 1781373936000, 1781373936000, 'admin', 'admin'),
('demo_r_072', 'demo_c_013', 'demo_o_036', 'CUSTOMER', NULL, '建议维持低频跟进，等待客户明确内部立项节奏。 关联商机：成渝金融外包中心低优先级小单1期。', '100001', 1781377536000, '1', 'admin', 'demo_ct_025', 1781377536000, 1781377536000, 'admin', 'admin'),
('demo_r_073', 'demo_c_013', 'demo_o_037', 'CUSTOMER', NULL, '客户希望通过销售预测能力提升季度预测准确率。 关联商机：成渝金融外包中心预测重点单2期。', '100001', 1781373937000, '2', 'admin', 'demo_ct_026', 1781373937000, 1781373937000, 'admin', 'admin'),
('demo_r_074', 'demo_c_013', 'demo_o_037', 'CUSTOMER', NULL, '需要结合历史商机数据、销售阶段和客户活跃度做试点方案。 关联商机：成渝金融外包中心预测重点单2期。', '100001', 1781377537000, '1', 'admin', 'demo_ct_026', 1781377537000, 1781377537000, 'admin', 'admin'),
('demo_r_075', 'demo_c_014', 'demo_o_038', 'CUSTOMER', NULL, '客户希望通过销售预测能力提升季度预测准确率。 关联商机：珠江 SaaS 服务商预测重点单1期。', '100001', 1781373938000, '2', 'admin', 'demo_ct_027', 1781373938000, 1781373938000, 'admin', 'admin'),
('demo_r_076', 'demo_c_014', 'demo_o_038', 'CUSTOMER', NULL, '需要结合历史商机数据、销售阶段和客户活跃度做试点方案。 关联商机：珠江 SaaS 服务商预测重点单1期。', '100001', 1781377538000, '1', 'admin', 'demo_ct_027', 1781377538000, 1781377538000, 'admin', 'admin'),
('demo_r_077', 'demo_c_014', 'demo_o_039', 'CUSTOMER', NULL, '客户要求 8 折、首付 30%、分四期付款，并希望合同中加入延期赔付条款。 关联商机：珠江 SaaS 服务商高风险大单2期。', '100001', 1781373939000, '2', 'admin', 'demo_ct_028', 1781373939000, 1781373939000, 'admin', 'admin'),
('demo_r_078', 'demo_c_014', 'demo_o_039', 'CUSTOMER', NULL, '客户采购流程已推进到商务阶段，但付款节点和验收标准仍未明确。 关联商机：珠江 SaaS 服务商高风险大单2期。', '100001', 1781377539000, '1', 'admin', 'demo_ct_028', 1781377539000, 1781377539000, 'admin', 'admin'),
('demo_r_079', 'demo_c_015', 'demo_o_040', 'CUSTOMER', NULL, '客户要求 8 折、首付 30%、分四期付款，并希望合同中加入延期赔付条款。 关联商机：西北能源运维集团高风险大单1期。', '100001', 1781373940000, '2', 'admin', 'demo_ct_029', 1781373940000, 1781373940000, 'admin', 'admin'),
('demo_r_080', 'demo_c_015', 'demo_o_040', 'CUSTOMER', NULL, '客户采购流程已推进到商务阶段，但付款节点和验收标准仍未明确。 关联商机：西北能源运维集团高风险大单1期。', '100001', 1781377540000, '1', 'admin', 'demo_ct_029', 1781377540000, 1781377540000, 'admin', 'admin'),
('demo_r_081', 'demo_c_015', 'demo_o_041', 'CUSTOMER', NULL, '客户要求两周内上线核心模块，同时提出多个定制字段和审批流。 关联商机：西北能源运维集团交付风险单2期。', '100001', 1781373941000, '2', 'admin', 'demo_ct_030', 1781373941000, 1781373941000, 'admin', 'admin'),
('demo_r_082', 'demo_c_015', 'demo_o_041', 'CUSTOMER', NULL, '交付团队初步判断标准模块可先上线，定制需求需要拆到二期。 关联商机：西北能源运维集团交付风险单2期。', '100001', 1781377541000, '1', 'admin', 'demo_ct_030', 1781377541000, 1781377541000, 'admin', 'admin'),
('demo_r_083', 'demo_c_016', 'demo_o_042', 'CUSTOMER', NULL, '客户要求两周内上线核心模块，同时提出多个定制字段和审批流。 关联商机：江南智能家居品牌交付风险单1期。', '100001', 1781373942000, '2', 'admin', 'demo_ct_031', 1781373942000, 1781373942000, 'admin', 'admin'),
('demo_r_084', 'demo_c_016', 'demo_o_042', 'CUSTOMER', NULL, '交付团队初步判断标准模块可先上线，定制需求需要拆到二期。 关联商机：江南智能家居品牌交付风险单1期。', '100001', 1781377542000, '1', 'admin', 'demo_ct_031', 1781377542000, 1781377542000, 'admin', 'admin'),
('demo_r_085', 'demo_c_016', 'demo_o_043', 'CUSTOMER', NULL, '客户需求清晰，接受标准合同和首付 60% 的付款方式。 关联商机：江南智能家居品牌标准推进单2期。', '100001', 1781373943000, '2', 'admin', 'demo_ct_032', 1781373943000, 1781373943000, 'admin', 'admin'),
('demo_r_086', 'demo_c_016', 'demo_o_043', 'CUSTOMER', NULL, '客户已完成产品演示，下一步进入方案确认和报价沟通。 关联商机：江南智能家居品牌标准推进单2期。', '100001', 1781377543000, '1', 'admin', 'demo_ct_032', 1781377543000, 1781377543000, 'admin', 'admin'),
('demo_r_087', 'demo_c_017', 'demo_o_044', 'CUSTOMER', NULL, '客户需求清晰，接受标准合同和首付 60% 的付款方式。 关联商机：东北冷链物流集团标准推进单1期。', '100001', 1781373944000, '2', 'admin', 'demo_ct_033', 1781373944000, 1781373944000, 'admin', 'admin'),
('demo_r_088', 'demo_c_017', 'demo_o_044', 'CUSTOMER', NULL, '客户已完成产品演示，下一步进入方案确认和报价沟通。 关联商机：东北冷链物流集团标准推进单1期。', '100001', 1781377544000, '1', 'admin', 'demo_ct_033', 1781377544000, 1781377544000, 'admin', 'admin'),
('demo_r_089', 'demo_c_017', 'demo_o_045', 'CUSTOMER', NULL, '客户已有一期系统使用基础，希望新增客户运营自动化能力。 关联商机：东北冷链物流集团续费扩容单2期。', '100001', 1781373945000, '2', 'admin', 'demo_ct_034', 1781373945000, 1781373945000, 'admin', 'admin'),
('demo_r_090', 'demo_c_017', 'demo_o_045', 'CUSTOMER', NULL, '客户关注续费折扣、老数据迁移和新模块上线排期。 关联商机：东北冷链物流集团续费扩容单2期。', '100001', 1781377545000, '1', 'admin', 'demo_ct_034', 1781377545000, 1781377545000, 'admin', 'admin'),
('demo_r_091', 'demo_c_018', 'demo_o_046', 'CUSTOMER', NULL, '客户已有一期系统使用基础，希望新增客户运营自动化能力。 关联商机：青岛海工装备公司续费扩容单1期。', '100001', 1781373946000, '2', 'admin', 'demo_ct_035', 1781373946000, 1781373946000, 'admin', 'admin'),
('demo_r_092', 'demo_c_018', 'demo_o_046', 'CUSTOMER', NULL, '客户关注续费折扣、老数据迁移和新模块上线排期。 关联商机：青岛海工装备公司续费扩容单1期。', '100001', 1781377546000, '1', 'admin', 'demo_ct_035', 1781377546000, 1781377546000, 'admin', 'admin'),
('demo_r_093', 'demo_c_018', 'demo_o_047', 'CUSTOMER', NULL, '客户法务要求加入延期赔付、免费增购和验收不通过可退款条款。 关联商机：青岛海工装备公司合同风险单2期。', '100001', 1781373947000, '2', 'admin', 'demo_ct_036', 1781373947000, 1781373947000, 'admin', 'admin'),
('demo_r_094', 'demo_c_018', 'demo_o_047', 'CUSTOMER', NULL, '合同条款需要法务和交付共同确认，销售暂不能直接承诺。 关联商机：青岛海工装备公司合同风险单2期。', '100001', 1781377547000, '1', 'admin', 'demo_ct_036', 1781377547000, 1781377547000, 'admin', 'admin'),
('demo_r_095', 'demo_c_019', 'demo_o_048', 'CUSTOMER', NULL, '客户法务要求加入延期赔付、免费增购和验收不通过可退款条款。 关联商机：厦门文旅运营集团合同风险单1期。', '100001', 1781373948000, '2', 'admin', 'demo_ct_037', 1781373948000, 1781373948000, 'admin', 'admin'),
('demo_r_096', 'demo_c_019', 'demo_o_048', 'CUSTOMER', NULL, '合同条款需要法务和交付共同确认，销售暂不能直接承诺。 关联商机：厦门文旅运营集团合同风险单1期。', '100001', 1781377548000, '1', 'admin', 'demo_ct_037', 1781377548000, 1781377548000, 'admin', 'admin'),
('demo_r_097', 'demo_c_019', 'demo_o_049', 'CUSTOMER', NULL, '客户还在早期了解阶段，预算和项目窗口都不明确。 关联商机：厦门文旅运营集团低优先级小单2期。', '100001', 1781373949000, '2', 'admin', 'demo_ct_038', 1781373949000, 1781373949000, 'admin', 'admin'),
('demo_r_098', 'demo_c_019', 'demo_o_049', 'CUSTOMER', NULL, '建议维持低频跟进，等待客户明确内部立项节奏。 关联商机：厦门文旅运营集团低优先级小单2期。', '100001', 1781377549000, '1', 'admin', 'demo_ct_038', 1781377549000, 1781377549000, 'admin', 'admin'),
('demo_r_099', 'demo_c_020', 'demo_o_050', 'CUSTOMER', NULL, '客户还在早期了解阶段，预算和项目窗口都不明确。 关联商机：武汉软件园服务公司低优先级小单1期。', '100001', 1781373950000, '2', 'admin', 'demo_ct_039', 1781373950000, 1781373950000, 'admin', 'admin'),
('demo_r_100', 'demo_c_020', 'demo_o_050', 'CUSTOMER', NULL, '建议维持低频跟进，等待客户明确内部立项节奏。 关联商机：武汉软件园服务公司低优先级小单1期。', '100001', 1781377550000, '1', 'admin', 'demo_ct_039', 1781377550000, 1781377550000, 'admin', 'admin'),
('demo_r_101', 'demo_c_020', 'demo_o_051', 'CUSTOMER', NULL, '客户希望通过销售预测能力提升季度预测准确率。 关联商机：武汉软件园服务公司预测重点单2期。', '100001', 1781373951000, '2', 'admin', 'demo_ct_040', 1781373951000, 1781373951000, 'admin', 'admin'),
('demo_r_102', 'demo_c_020', 'demo_o_051', 'CUSTOMER', NULL, '需要结合历史商机数据、销售阶段和客户活跃度做试点方案。 关联商机：武汉软件园服务公司预测重点单2期。', '100001', 1781377551000, '1', 'admin', 'demo_ct_040', 1781377551000, 1781377551000, 'admin', 'admin'),
('demo_r_103', 'demo_c_021', 'demo_o_052', 'CUSTOMER', NULL, '客户希望通过销售预测能力提升季度预测准确率。 关联商机：合肥先进材料科技预测重点单1期。', '100001', 1781373952000, '2', 'admin', 'demo_ct_041', 1781373952000, 1781373952000, 'admin', 'admin'),
('demo_r_104', 'demo_c_021', 'demo_o_052', 'CUSTOMER', NULL, '需要结合历史商机数据、销售阶段和客户活跃度做试点方案。 关联商机：合肥先进材料科技预测重点单1期。', '100001', 1781377552000, '1', 'admin', 'demo_ct_041', 1781377552000, 1781377552000, 'admin', 'admin'),
('demo_r_105', 'demo_c_021', 'demo_o_053', 'CUSTOMER', NULL, '客户要求 8 折、首付 30%、分四期付款，并希望合同中加入延期赔付条款。 关联商机：合肥先进材料科技高风险大单2期。', '100001', 1781373953000, '2', 'admin', 'demo_ct_042', 1781373953000, 1781373953000, 'admin', 'admin'),
('demo_r_106', 'demo_c_021', 'demo_o_053', 'CUSTOMER', NULL, '客户采购流程已推进到商务阶段，但付款节点和验收标准仍未明确。 关联商机：合肥先进材料科技高风险大单2期。', '100001', 1781377553000, '1', 'admin', 'demo_ct_042', 1781377553000, 1781377553000, 'admin', 'admin'),
('demo_r_107', 'demo_c_022', 'demo_o_054', 'CUSTOMER', NULL, '客户要求 8 折、首付 30%、分四期付款，并希望合同中加入延期赔付条款。 关联商机：宁波汽配供应链高风险大单1期。', '100001', 1781373954000, '2', 'admin', 'demo_ct_043', 1781373954000, 1781373954000, 'admin', 'admin'),
('demo_r_108', 'demo_c_022', 'demo_o_054', 'CUSTOMER', NULL, '客户采购流程已推进到商务阶段，但付款节点和验收标准仍未明确。 关联商机：宁波汽配供应链高风险大单1期。', '100001', 1781377554000, '1', 'admin', 'demo_ct_043', 1781377554000, 1781377554000, 'admin', 'admin'),
('demo_r_109', 'demo_c_022', 'demo_o_055', 'CUSTOMER', NULL, '客户要求两周内上线核心模块，同时提出多个定制字段和审批流。 关联商机：宁波汽配供应链交付风险单2期。', '100001', 1781373955000, '2', 'admin', 'demo_ct_044', 1781373955000, 1781373955000, 'admin', 'admin'),
('demo_r_110', 'demo_c_022', 'demo_o_055', 'CUSTOMER', NULL, '交付团队初步判断标准模块可先上线，定制需求需要拆到二期。 关联商机：宁波汽配供应链交付风险单2期。', '100001', 1781377555000, '1', 'admin', 'demo_ct_044', 1781377555000, 1781377555000, 'admin', 'admin'),
('demo_r_111', 'demo_c_023', 'demo_o_056', 'CUSTOMER', NULL, '客户要求两周内上线核心模块，同时提出多个定制字段和审批流。 关联商机：郑州商超零售集团交付风险单1期。', '100001', 1781373956000, '2', 'admin', 'demo_ct_045', 1781373956000, 1781373956000, 'admin', 'admin'),
('demo_r_112', 'demo_c_023', 'demo_o_056', 'CUSTOMER', NULL, '交付团队初步判断标准模块可先上线，定制需求需要拆到二期。 关联商机：郑州商超零售集团交付风险单1期。', '100001', 1781377556000, '1', 'admin', 'demo_ct_045', 1781377556000, 1781377556000, 'admin', 'admin'),
('demo_r_113', 'demo_c_023', 'demo_o_057', 'CUSTOMER', NULL, '客户需求清晰，接受标准合同和首付 60% 的付款方式。 关联商机：郑州商超零售集团标准推进单2期。', '100001', 1781373957000, '2', 'admin', 'demo_ct_046', 1781373957000, 1781373957000, 'admin', 'admin'),
('demo_r_114', 'demo_c_023', 'demo_o_057', 'CUSTOMER', NULL, '客户已完成产品演示，下一步进入方案确认和报价沟通。 关联商机：郑州商超零售集团标准推进单2期。', '100001', 1781377557000, '1', 'admin', 'demo_ct_046', 1781377557000, 1781377557000, 'admin', 'admin'),
('demo_r_115', 'demo_c_024', 'demo_o_058', 'CUSTOMER', NULL, '客户需求清晰，接受标准合同和首付 60% 的付款方式。 关联商机：重庆智慧物业集团标准推进单1期。', '100001', 1781373958000, '2', 'admin', 'demo_ct_047', 1781373958000, 1781373958000, 'admin', 'admin'),
('demo_r_116', 'demo_c_024', 'demo_o_058', 'CUSTOMER', NULL, '客户已完成产品演示，下一步进入方案确认和报价沟通。 关联商机：重庆智慧物业集团标准推进单1期。', '100001', 1781377558000, '1', 'admin', 'demo_ct_047', 1781377558000, 1781377558000, 'admin', 'admin'),
('demo_r_117', 'demo_c_024', 'demo_o_059', 'CUSTOMER', NULL, '客户已有一期系统使用基础，希望新增客户运营自动化能力。 关联商机：重庆智慧物业集团续费扩容单2期。', '100001', 1781373959000, '2', 'admin', 'demo_ct_048', 1781373959000, 1781373959000, 'admin', 'admin'),
('demo_r_118', 'demo_c_024', 'demo_o_059', 'CUSTOMER', NULL, '客户关注续费折扣、老数据迁移和新模块上线排期。 关联商机：重庆智慧物业集团续费扩容单2期。', '100001', 1781377559000, '1', 'admin', 'demo_ct_048', 1781377559000, 1781377559000, 'admin', 'admin'),
('demo_r_119', 'demo_c_025', 'demo_o_060', 'CUSTOMER', NULL, '客户已有一期系统使用基础，希望新增客户运营自动化能力。 关联商机：深圳机器人科技续费扩容单1期。', '100001', 1781373960000, '2', 'admin', 'demo_ct_049', 1781373960000, 1781373960000, 'admin', 'admin'),
('demo_r_120', 'demo_c_025', 'demo_o_060', 'CUSTOMER', NULL, '客户关注续费折扣、老数据迁移和新模块上线排期。 关联商机：深圳机器人科技续费扩容单1期。', '100001', 1781377560000, '1', 'admin', 'demo_ct_049', 1781377560000, 1781377560000, 'admin', 'admin'),
('demo_r_121', 'demo_c_025', 'demo_o_061', 'CUSTOMER', NULL, '客户法务要求加入延期赔付、免费增购和验收不通过可退款条款。 关联商机：深圳机器人科技合同风险单2期。', '100001', 1781373961000, '2', 'admin', 'demo_ct_050', 1781373961000, 1781373961000, 'admin', 'admin'),
('demo_r_122', 'demo_c_025', 'demo_o_061', 'CUSTOMER', NULL, '合同条款需要法务和交付共同确认，销售暂不能直接承诺。 关联商机：深圳机器人科技合同风险单2期。', '100001', 1781377561000, '1', 'admin', 'demo_ct_050', 1781377561000, 1781377561000, 'admin', 'admin'),
('demo_r_123', 'demo_c_026', 'demo_o_062', 'CUSTOMER', NULL, '客户法务要求加入延期赔付、免费增购和验收不通过可退款条款。 关联商机：杭州客户成功咨询合同风险单1期。', '100001', 1781373962000, '2', 'admin', 'demo_ct_051', 1781373962000, 1781373962000, 'admin', 'admin'),
('demo_r_124', 'demo_c_026', 'demo_o_062', 'CUSTOMER', NULL, '合同条款需要法务和交付共同确认，销售暂不能直接承诺。 关联商机：杭州客户成功咨询合同风险单1期。', '100001', 1781377562000, '1', 'admin', 'demo_ct_051', 1781377562000, 1781377562000, 'admin', 'admin'),
('demo_r_125', 'demo_c_026', 'demo_o_063', 'CUSTOMER', NULL, '客户还在早期了解阶段，预算和项目窗口都不明确。 关联商机：杭州客户成功咨询低优先级小单2期。', '100001', 1781373963000, '2', 'admin', 'demo_ct_052', 1781373963000, 1781373963000, 'admin', 'admin'),
('demo_r_126', 'demo_c_026', 'demo_o_063', 'CUSTOMER', NULL, '建议维持低频跟进，等待客户明确内部立项节奏。 关联商机：杭州客户成功咨询低优先级小单2期。', '100001', 1781377563000, '1', 'admin', 'demo_ct_052', 1781377563000, 1781377563000, 'admin', 'admin'),
('demo_r_127', 'demo_c_027', 'demo_o_064', 'CUSTOMER', NULL, '客户还在早期了解阶段，预算和项目窗口都不明确。 关联商机：南京数据治理中心低优先级小单1期。', '100001', 1781373964000, '2', 'admin', 'demo_ct_053', 1781373964000, 1781373964000, 'admin', 'admin'),
('demo_r_128', 'demo_c_027', 'demo_o_064', 'CUSTOMER', NULL, '建议维持低频跟进，等待客户明确内部立项节奏。 关联商机：南京数据治理中心低优先级小单1期。', '100001', 1781377564000, '1', 'admin', 'demo_ct_053', 1781377564000, 1781377564000, 'admin', 'admin'),
('demo_r_129', 'demo_c_027', 'demo_o_065', 'CUSTOMER', NULL, '客户希望通过销售预测能力提升季度预测准确率。 关联商机：南京数据治理中心预测重点单2期。', '100001', 1781373965000, '2', 'admin', 'demo_ct_054', 1781373965000, 1781373965000, 'admin', 'admin'),
('demo_r_130', 'demo_c_027', 'demo_o_065', 'CUSTOMER', NULL, '需要结合历史商机数据、销售阶段和客户活跃度做试点方案。 关联商机：南京数据治理中心预测重点单2期。', '100001', 1781377565000, '1', 'admin', 'demo_ct_054', 1781377565000, 1781377565000, 'admin', 'admin')
ON DUPLICATE KEY UPDATE `customer_id` = VALUES(`customer_id`), `opportunity_id` = VALUES(`opportunity_id`), `content` = VALUES(`content`), `follow_time` = VALUES(`follow_time`), `follow_method` = VALUES(`follow_method`), `owner` = VALUES(`owner`), `contact_id` = VALUES(`contact_id`), `update_time` = VALUES(`update_time`), `update_user` = VALUES(`update_user`);

INSERT INTO follow_up_plan (`id`, `customer_id`, `opportunity_id`, `type`, `clue_id`, `content`, `organization_id`, `owner`, `contact_id`, `estimated_time`, `method`, `status`, `converted`, `create_time`, `update_time`, `create_user`, `update_user`) VALUES
('demo_fp_001', 'demo_c_001', 'demo_o_001', 'CUSTOMER', NULL, '发起 多Agent智能助手 评审，确认折扣、付款、合同和交付边界：华北装备制造集团高风险大单1期。', '100001', 'admin', 'demo_ct_001', 1781546701000, '2', 'PENDING', b'0', 1781373901000, 1781373901000, 'admin', 'admin'),
('demo_fp_002', 'demo_c_001', 'demo_o_001', 'CUSTOMER', NULL, '准备内部评审材料，输出客户沟通话术和审批说明：华北装备制造集团高风险大单1期。', '100001', 'admin', 'demo_ct_001', 1781805901000, '2', 'PENDING', b'0', 1781373901000, 1781373901000, 'admin', 'admin'),
('demo_fp_003', 'demo_c_001', 'demo_o_002', 'CUSTOMER', NULL, '安排交付可行性评估，拆分标准上线和二期定制范围：华北装备制造集团交付风险单2期。', '100001', 'admin', 'demo_ct_002', 1781546702000, '2', 'PENDING', b'0', 1781373902000, 1781373902000, 'admin', 'admin'),
('demo_fp_004', 'demo_c_001', 'demo_o_002', 'CUSTOMER', NULL, '准备内部评审材料，输出客户沟通话术和审批说明：华北装备制造集团交付风险单2期。', '100001', 'admin', 'demo_ct_002', 1781805902000, '2', 'PENDING', b'0', 1781373902000, 1781373902000, 'admin', 'admin'),
('demo_fp_005', 'demo_c_001', 'demo_o_003', 'CUSTOMER', NULL, '推进下一轮客户沟通，补齐方案、报价和决策人信息：华北装备制造集团标准推进单3期。', '100001', 'admin', 'demo_ct_001', 1781546703000, '2', 'PENDING', b'0', 1781373903000, 1781373903000, 'admin', 'admin'),
('demo_fp_006', 'demo_c_001', 'demo_o_003', 'CUSTOMER', NULL, '准备内部评审材料，输出客户沟通话术和审批说明：华北装备制造集团标准推进单3期。', '100001', 'admin', 'demo_ct_001', 1781805903000, '2', 'PENDING', b'0', 1781373903000, 1781373903000, 'admin', 'admin'),
('demo_fp_007', 'demo_c_002', 'demo_o_004', 'CUSTOMER', NULL, '安排交付可行性评估，拆分标准上线和二期定制范围：东海新能源科技交付风险单1期。', '100001', 'admin', 'demo_ct_003', 1781546704000, '2', 'PENDING', b'0', 1781373904000, 1781373904000, 'admin', 'admin'),
('demo_fp_008', 'demo_c_002', 'demo_o_004', 'CUSTOMER', NULL, '准备内部评审材料，输出客户沟通话术和审批说明：东海新能源科技交付风险单1期。', '100001', 'admin', 'demo_ct_003', 1781805904000, '2', 'PENDING', b'0', 1781373904000, 1781373904000, 'admin', 'admin'),
('demo_fp_009', 'demo_c_002', 'demo_o_005', 'CUSTOMER', NULL, '推进下一轮客户沟通，补齐方案、报价和决策人信息：东海新能源科技标准推进单2期。', '100001', 'admin', 'demo_ct_004', 1781546705000, '2', 'PENDING', b'0', 1781373905000, 1781373905000, 'admin', 'admin'),
('demo_fp_010', 'demo_c_002', 'demo_o_005', 'CUSTOMER', NULL, '准备内部评审材料，输出客户沟通话术和审批说明：东海新能源科技标准推进单2期。', '100001', 'admin', 'demo_ct_004', 1781805905000, '2', 'PENDING', b'0', 1781373905000, 1781373905000, 'admin', 'admin'),
('demo_fp_011', 'demo_c_002', 'demo_o_006', 'CUSTOMER', NULL, '推进下一轮客户沟通，补齐方案、报价和决策人信息：东海新能源科技续费扩容单3期。', '100001', 'admin', 'demo_ct_003', 1781546706000, '2', 'PENDING', b'0', 1781373906000, 1781373906000, 'admin', 'admin'),
('demo_fp_012', 'demo_c_002', 'demo_o_006', 'CUSTOMER', NULL, '准备内部评审材料，输出客户沟通话术和审批说明：东海新能源科技续费扩容单3期。', '100001', 'admin', 'demo_ct_003', 1781805906000, '2', 'PENDING', b'0', 1781373906000, 1781373906000, 'admin', 'admin'),
('demo_fp_013', 'demo_c_003', 'demo_o_007', 'CUSTOMER', NULL, '推进下一轮客户沟通，补齐方案、报价和决策人信息：西南医药流通股份标准推进单1期。', '100001', 'admin', 'demo_ct_005', 1781546707000, '2', 'PENDING', b'0', 1781373907000, 1781373907000, 'admin', 'admin'),
('demo_fp_014', 'demo_c_003', 'demo_o_007', 'CUSTOMER', NULL, '准备内部评审材料，输出客户沟通话术和审批说明：西南医药流通股份标准推进单1期。', '100001', 'admin', 'demo_ct_005', 1781805907000, '2', 'PENDING', b'0', 1781373907000, 1781373907000, 'admin', 'admin'),
('demo_fp_015', 'demo_c_003', 'demo_o_008', 'CUSTOMER', NULL, '推进下一轮客户沟通，补齐方案、报价和决策人信息：西南医药流通股份续费扩容单2期。', '100001', 'admin', 'demo_ct_006', 1781546708000, '2', 'PENDING', b'0', 1781373908000, 1781373908000, 'admin', 'admin'),
('demo_fp_016', 'demo_c_003', 'demo_o_008', 'CUSTOMER', NULL, '准备内部评审材料，输出客户沟通话术和审批说明：西南医药流通股份续费扩容单2期。', '100001', 'admin', 'demo_ct_006', 1781805908000, '2', 'PENDING', b'0', 1781373908000, 1781373908000, 'admin', 'admin'),
('demo_fp_017', 'demo_c_003', 'demo_o_009', 'CUSTOMER', NULL, '发起 多Agent智能助手 评审，确认折扣、付款、合同和交付边界：西南医药流通股份合同风险单3期。', '100001', 'admin', 'demo_ct_005', 1781546709000, '2', 'PENDING', b'0', 1781373909000, 1781373909000, 'admin', 'admin'),
('demo_fp_018', 'demo_c_003', 'demo_o_009', 'CUSTOMER', NULL, '准备内部评审材料，输出客户沟通话术和审批说明：西南医药流通股份合同风险单3期。', '100001', 'admin', 'demo_ct_005', 1781805909000, '2', 'PENDING', b'0', 1781373909000, 1781373909000, 'admin', 'admin'),
('demo_fp_019', 'demo_c_004', 'demo_o_010', 'CUSTOMER', NULL, '推进下一轮客户沟通，补齐方案、报价和决策人信息：中原智慧园区运营续费扩容单1期。', '100001', 'admin', 'demo_ct_007', 1781546710000, '2', 'PENDING', b'0', 1781373910000, 1781373910000, 'admin', 'admin'),
('demo_fp_020', 'demo_c_004', 'demo_o_010', 'CUSTOMER', NULL, '准备内部评审材料，输出客户沟通话术和审批说明：中原智慧园区运营续费扩容单1期。', '100001', 'admin', 'demo_ct_007', 1781805910000, '2', 'PENDING', b'0', 1781373910000, 1781373910000, 'admin', 'admin'),
('demo_fp_021', 'demo_c_004', 'demo_o_011', 'CUSTOMER', NULL, '发起 多Agent智能助手 评审，确认折扣、付款、合同和交付边界：中原智慧园区运营合同风险单2期。', '100001', 'admin', 'demo_ct_008', 1781546711000, '2', 'PENDING', b'0', 1781373911000, 1781373911000, 'admin', 'admin'),
('demo_fp_022', 'demo_c_004', 'demo_o_012', 'CUSTOMER', NULL, '推进下一轮客户沟通，补齐方案、报价和决策人信息：中原智慧园区运营低优先级小单3期。', '100001', 'admin', 'demo_ct_007', 1781546712000, '2', 'PENDING', b'0', 1781373912000, 1781373912000, 'admin', 'admin'),
('demo_fp_023', 'demo_c_005', 'demo_o_013', 'CUSTOMER', NULL, '发起 多Agent智能助手 评审，确认折扣、付款、合同和交付边界：岭南连锁餐饮集团合同风险单1期。', '100001', 'admin', 'demo_ct_009', 1781546713000, '2', 'PENDING', b'0', 1781373913000, 1781373913000, 'admin', 'admin'),
('demo_fp_024', 'demo_c_005', 'demo_o_014', 'CUSTOMER', NULL, '推进下一轮客户沟通，补齐方案、报价和决策人信息：岭南连锁餐饮集团低优先级小单2期。', '100001', 'admin', 'demo_ct_010', 1781546714000, '2', 'PENDING', b'0', 1781373914000, 1781373914000, 'admin', 'admin'),
('demo_fp_025', 'demo_c_005', 'demo_o_015', 'CUSTOMER', NULL, '推进下一轮客户沟通，补齐方案、报价和决策人信息：岭南连锁餐饮集团预测重点单3期。', '100001', 'admin', 'demo_ct_009', 1781546715000, '2', 'PENDING', b'0', 1781373915000, 1781373915000, 'admin', 'admin'),
('demo_fp_026', 'demo_c_006', 'demo_o_016', 'CUSTOMER', NULL, '推进下一轮客户沟通，补齐方案、报价和决策人信息：长三角工业互联网公司低优先级小单1期。', '100001', 'admin', 'demo_ct_011', 1781546716000, '2', 'PENDING', b'0', 1781373916000, 1781373916000, 'admin', 'admin'),
('demo_fp_027', 'demo_c_006', 'demo_o_017', 'CUSTOMER', NULL, '推进下一轮客户沟通，补齐方案、报价和决策人信息：长三角工业互联网公司预测重点单2期。', '100001', 'admin', 'demo_ct_012', 1781546717000, '2', 'PENDING', b'0', 1781373917000, 1781373917000, 'admin', 'admin'),
('demo_fp_028', 'demo_c_006', 'demo_o_018', 'CUSTOMER', NULL, '发起 多Agent智能助手 评审，确认折扣、付款、合同和交付边界：长三角工业互联网公司高风险大单3期。', '100001', 'admin', 'demo_ct_011', 1781546718000, '2', 'PENDING', b'0', 1781373918000, 1781373918000, 'admin', 'admin'),
('demo_fp_029', 'demo_c_007', 'demo_o_019', 'CUSTOMER', NULL, '推进下一轮客户沟通，补齐方案、报价和决策人信息：京津企业服务控股预测重点单1期。', '100001', 'admin', 'demo_ct_013', 1781546719000, '2', 'PENDING', b'0', 1781373919000, 1781373919000, 'admin', 'admin'),
('demo_fp_030', 'demo_c_007', 'demo_o_020', 'CUSTOMER', NULL, '发起 多Agent智能助手 评审，确认折扣、付款、合同和交付边界：京津企业服务控股高风险大单2期。', '100001', 'admin', 'demo_ct_014', 1781546720000, '2', 'PENDING', b'0', 1781373920000, 1781373920000, 'admin', 'admin'),
('demo_fp_031', 'demo_c_007', 'demo_o_021', 'CUSTOMER', NULL, '安排交付可行性评估，拆分标准上线和二期定制范围：京津企业服务控股交付风险单3期。', '100001', 'admin', 'demo_ct_013', 1781546721000, '2', 'PENDING', b'0', 1781373921000, 1781373921000, 'admin', 'admin'),
('demo_fp_032', 'demo_c_008', 'demo_o_022', 'CUSTOMER', NULL, '发起 多Agent智能助手 评审，确认折扣、付款、合同和交付边界：川渝物流供应链高风险大单1期。', '100001', 'admin', 'demo_ct_015', 1781546722000, '2', 'PENDING', b'0', 1781373922000, 1781373922000, 'admin', 'admin'),
('demo_fp_033', 'demo_c_008', 'demo_o_023', 'CUSTOMER', NULL, '安排交付可行性评估，拆分标准上线和二期定制范围：川渝物流供应链交付风险单2期。', '100001', 'admin', 'demo_ct_016', 1781546723000, '2', 'PENDING', b'0', 1781373923000, 1781373923000, 'admin', 'admin'),
('demo_fp_034', 'demo_c_008', 'demo_o_024', 'CUSTOMER', NULL, '推进下一轮客户沟通，补齐方案、报价和决策人信息：川渝物流供应链标准推进单3期。', '100001', 'admin', 'demo_ct_015', 1781546724000, '2', 'PENDING', b'0', 1781373924000, 1781373924000, 'admin', 'admin'),
('demo_fp_035', 'demo_c_009', 'demo_o_025', 'CUSTOMER', NULL, '安排交付可行性评估，拆分标准上线和二期定制范围：海峡跨境电商有限公司交付风险单1期。', '100001', 'admin', 'demo_ct_017', 1781546725000, '2', 'PENDING', b'0', 1781373925000, 1781373925000, 'admin', 'admin'),
('demo_fp_036', 'demo_c_009', 'demo_o_026', 'CUSTOMER', NULL, '推进下一轮客户沟通，补齐方案、报价和决策人信息：海峡跨境电商有限公司标准推进单2期。', '100001', 'admin', 'demo_ct_018', 1781546726000, '2', 'PENDING', b'0', 1781373926000, 1781373926000, 'admin', 'admin'),
('demo_fp_037', 'demo_c_009', 'demo_o_027', 'CUSTOMER', NULL, '推进下一轮客户沟通，补齐方案、报价和决策人信息：海峡跨境电商有限公司续费扩容单3期。', '100001', 'admin', 'demo_ct_017', 1781546727000, '2', 'PENDING', b'0', 1781373927000, 1781373927000, 'admin', 'admin'),
('demo_fp_038', 'demo_c_010', 'demo_o_028', 'CUSTOMER', NULL, '推进下一轮客户沟通，补齐方案、报价和决策人信息：华中教育科技集团标准推进单1期。', '100001', 'admin', 'demo_ct_019', 1781546728000, '2', 'PENDING', b'0', 1781373928000, 1781373928000, 'admin', 'admin'),
('demo_fp_039', 'demo_c_010', 'demo_o_029', 'CUSTOMER', NULL, '推进下一轮客户沟通，补齐方案、报价和决策人信息：华中教育科技集团续费扩容单2期。', '100001', 'admin', 'demo_ct_020', 1781546729000, '2', 'PENDING', b'0', 1781373929000, 1781373929000, 'admin', 'admin'),
('demo_fp_040', 'demo_c_010', 'demo_o_030', 'CUSTOMER', NULL, '发起 多Agent智能助手 评审，确认折扣、付款、合同和交付边界：华中教育科技集团合同风险单3期。', '100001', 'admin', 'demo_ct_019', 1781546730000, '2', 'PENDING', b'0', 1781373930000, 1781373930000, 'admin', 'admin'),
('demo_fp_041', 'demo_c_011', 'demo_o_031', 'CUSTOMER', NULL, '推进下一轮客户沟通，补齐方案、报价和决策人信息：鲁南零部件制造续费扩容单1期。', '100001', 'admin', 'demo_ct_021', 1781546731000, '2', 'PENDING', b'0', 1781373931000, 1781373931000, 'admin', 'admin'),
('demo_fp_042', 'demo_c_011', 'demo_o_032', 'CUSTOMER', NULL, '发起 多Agent智能助手 评审，确认折扣、付款、合同和交付边界：鲁南零部件制造合同风险单2期。', '100001', 'admin', 'demo_ct_022', 1781546732000, '2', 'PENDING', b'0', 1781373932000, 1781373932000, 'admin', 'admin'),
('demo_fp_043', 'demo_c_011', 'demo_o_033', 'CUSTOMER', NULL, '推进下一轮客户沟通，补齐方案、报价和决策人信息：鲁南零部件制造低优先级小单3期。', '100001', 'admin', 'demo_ct_021', 1781546733000, '2', 'PENDING', b'0', 1781373933000, 1781373933000, 'admin', 'admin'),
('demo_fp_044', 'demo_c_012', 'demo_o_034', 'CUSTOMER', NULL, '发起 多Agent智能助手 评审，确认折扣、付款、合同和交付边界：苏杭数字政务服务合同风险单1期。', '100001', 'admin', 'demo_ct_023', 1781546734000, '2', 'PENDING', b'0', 1781373934000, 1781373934000, 'admin', 'admin'),
('demo_fp_045', 'demo_c_012', 'demo_o_035', 'CUSTOMER', NULL, '推进下一轮客户沟通，补齐方案、报价和决策人信息：苏杭数字政务服务低优先级小单2期。', '100001', 'admin', 'demo_ct_024', 1781546735000, '2', 'PENDING', b'0', 1781373935000, 1781373935000, 'admin', 'admin'),
('demo_fp_046', 'demo_c_013', 'demo_o_036', 'CUSTOMER', NULL, '推进下一轮客户沟通，补齐方案、报价和决策人信息：成渝金融外包中心低优先级小单1期。', '100001', 'admin', 'demo_ct_025', 1781546736000, '2', 'PENDING', b'0', 1781373936000, 1781373936000, 'admin', 'admin'),
('demo_fp_047', 'demo_c_013', 'demo_o_037', 'CUSTOMER', NULL, '推进下一轮客户沟通，补齐方案、报价和决策人信息：成渝金融外包中心预测重点单2期。', '100001', 'admin', 'demo_ct_026', 1781546737000, '2', 'PENDING', b'0', 1781373937000, 1781373937000, 'admin', 'admin'),
('demo_fp_048', 'demo_c_014', 'demo_o_038', 'CUSTOMER', NULL, '推进下一轮客户沟通，补齐方案、报价和决策人信息：珠江 SaaS 服务商预测重点单1期。', '100001', 'admin', 'demo_ct_027', 1781546738000, '2', 'PENDING', b'0', 1781373938000, 1781373938000, 'admin', 'admin'),
('demo_fp_049', 'demo_c_014', 'demo_o_039', 'CUSTOMER', NULL, '发起 多Agent智能助手 评审，确认折扣、付款、合同和交付边界：珠江 SaaS 服务商高风险大单2期。', '100001', 'admin', 'demo_ct_028', 1781546739000, '2', 'PENDING', b'0', 1781373939000, 1781373939000, 'admin', 'admin'),
('demo_fp_050', 'demo_c_015', 'demo_o_040', 'CUSTOMER', NULL, '发起 多Agent智能助手 评审，确认折扣、付款、合同和交付边界：西北能源运维集团高风险大单1期。', '100001', 'admin', 'demo_ct_029', 1781546740000, '2', 'PENDING', b'0', 1781373940000, 1781373940000, 'admin', 'admin'),
('demo_fp_051', 'demo_c_015', 'demo_o_041', 'CUSTOMER', NULL, '安排交付可行性评估，拆分标准上线和二期定制范围：西北能源运维集团交付风险单2期。', '100001', 'admin', 'demo_ct_030', 1781546741000, '2', 'PENDING', b'0', 1781373941000, 1781373941000, 'admin', 'admin'),
('demo_fp_052', 'demo_c_016', 'demo_o_042', 'CUSTOMER', NULL, '安排交付可行性评估，拆分标准上线和二期定制范围：江南智能家居品牌交付风险单1期。', '100001', 'admin', 'demo_ct_031', 1781546742000, '2', 'PENDING', b'0', 1781373942000, 1781373942000, 'admin', 'admin'),
('demo_fp_053', 'demo_c_016', 'demo_o_043', 'CUSTOMER', NULL, '推进下一轮客户沟通，补齐方案、报价和决策人信息：江南智能家居品牌标准推进单2期。', '100001', 'admin', 'demo_ct_032', 1781546743000, '2', 'PENDING', b'0', 1781373943000, 1781373943000, 'admin', 'admin'),
('demo_fp_054', 'demo_c_017', 'demo_o_044', 'CUSTOMER', NULL, '推进下一轮客户沟通，补齐方案、报价和决策人信息：东北冷链物流集团标准推进单1期。', '100001', 'admin', 'demo_ct_033', 1781546744000, '2', 'PENDING', b'0', 1781373944000, 1781373944000, 'admin', 'admin'),
('demo_fp_055', 'demo_c_017', 'demo_o_045', 'CUSTOMER', NULL, '推进下一轮客户沟通，补齐方案、报价和决策人信息：东北冷链物流集团续费扩容单2期。', '100001', 'admin', 'demo_ct_034', 1781546745000, '2', 'PENDING', b'0', 1781373945000, 1781373945000, 'admin', 'admin'),
('demo_fp_056', 'demo_c_018', 'demo_o_046', 'CUSTOMER', NULL, '推进下一轮客户沟通，补齐方案、报价和决策人信息：青岛海工装备公司续费扩容单1期。', '100001', 'admin', 'demo_ct_035', 1781546746000, '2', 'PENDING', b'0', 1781373946000, 1781373946000, 'admin', 'admin'),
('demo_fp_057', 'demo_c_018', 'demo_o_047', 'CUSTOMER', NULL, '发起 多Agent智能助手 评审，确认折扣、付款、合同和交付边界：青岛海工装备公司合同风险单2期。', '100001', 'admin', 'demo_ct_036', 1781546747000, '2', 'PENDING', b'0', 1781373947000, 1781373947000, 'admin', 'admin'),
('demo_fp_058', 'demo_c_019', 'demo_o_048', 'CUSTOMER', NULL, '发起 多Agent智能助手 评审，确认折扣、付款、合同和交付边界：厦门文旅运营集团合同风险单1期。', '100001', 'admin', 'demo_ct_037', 1781546748000, '2', 'PENDING', b'0', 1781373948000, 1781373948000, 'admin', 'admin'),
('demo_fp_059', 'demo_c_019', 'demo_o_049', 'CUSTOMER', NULL, '推进下一轮客户沟通，补齐方案、报价和决策人信息：厦门文旅运营集团低优先级小单2期。', '100001', 'admin', 'demo_ct_038', 1781546749000, '2', 'PENDING', b'0', 1781373949000, 1781373949000, 'admin', 'admin'),
('demo_fp_060', 'demo_c_020', 'demo_o_050', 'CUSTOMER', NULL, '推进下一轮客户沟通，补齐方案、报价和决策人信息：武汉软件园服务公司低优先级小单1期。', '100001', 'admin', 'demo_ct_039', 1781546750000, '2', 'PENDING', b'0', 1781373950000, 1781373950000, 'admin', 'admin'),
('demo_fp_061', 'demo_c_020', 'demo_o_051', 'CUSTOMER', NULL, '推进下一轮客户沟通，补齐方案、报价和决策人信息：武汉软件园服务公司预测重点单2期。', '100001', 'admin', 'demo_ct_040', 1781546751000, '2', 'PENDING', b'0', 1781373951000, 1781373951000, 'admin', 'admin'),
('demo_fp_062', 'demo_c_021', 'demo_o_052', 'CUSTOMER', NULL, '推进下一轮客户沟通，补齐方案、报价和决策人信息：合肥先进材料科技预测重点单1期。', '100001', 'admin', 'demo_ct_041', 1781546752000, '2', 'PENDING', b'0', 1781373952000, 1781373952000, 'admin', 'admin'),
('demo_fp_063', 'demo_c_021', 'demo_o_053', 'CUSTOMER', NULL, '发起 多Agent智能助手 评审，确认折扣、付款、合同和交付边界：合肥先进材料科技高风险大单2期。', '100001', 'admin', 'demo_ct_042', 1781546753000, '2', 'PENDING', b'0', 1781373953000, 1781373953000, 'admin', 'admin'),
('demo_fp_064', 'demo_c_022', 'demo_o_054', 'CUSTOMER', NULL, '发起 多Agent智能助手 评审，确认折扣、付款、合同和交付边界：宁波汽配供应链高风险大单1期。', '100001', 'admin', 'demo_ct_043', 1781546754000, '2', 'PENDING', b'0', 1781373954000, 1781373954000, 'admin', 'admin'),
('demo_fp_065', 'demo_c_022', 'demo_o_055', 'CUSTOMER', NULL, '安排交付可行性评估，拆分标准上线和二期定制范围：宁波汽配供应链交付风险单2期。', '100001', 'admin', 'demo_ct_044', 1781546755000, '2', 'PENDING', b'0', 1781373955000, 1781373955000, 'admin', 'admin'),
('demo_fp_066', 'demo_c_023', 'demo_o_056', 'CUSTOMER', NULL, '安排交付可行性评估，拆分标准上线和二期定制范围：郑州商超零售集团交付风险单1期。', '100001', 'admin', 'demo_ct_045', 1781546756000, '2', 'PENDING', b'0', 1781373956000, 1781373956000, 'admin', 'admin'),
('demo_fp_067', 'demo_c_023', 'demo_o_057', 'CUSTOMER', NULL, '推进下一轮客户沟通，补齐方案、报价和决策人信息：郑州商超零售集团标准推进单2期。', '100001', 'admin', 'demo_ct_046', 1781546757000, '2', 'PENDING', b'0', 1781373957000, 1781373957000, 'admin', 'admin'),
('demo_fp_068', 'demo_c_024', 'demo_o_058', 'CUSTOMER', NULL, '推进下一轮客户沟通，补齐方案、报价和决策人信息：重庆智慧物业集团标准推进单1期。', '100001', 'admin', 'demo_ct_047', 1781546758000, '2', 'PENDING', b'0', 1781373958000, 1781373958000, 'admin', 'admin'),
('demo_fp_069', 'demo_c_024', 'demo_o_059', 'CUSTOMER', NULL, '推进下一轮客户沟通，补齐方案、报价和决策人信息：重庆智慧物业集团续费扩容单2期。', '100001', 'admin', 'demo_ct_048', 1781546759000, '2', 'PENDING', b'0', 1781373959000, 1781373959000, 'admin', 'admin'),
('demo_fp_070', 'demo_c_025', 'demo_o_060', 'CUSTOMER', NULL, '推进下一轮客户沟通，补齐方案、报价和决策人信息：深圳机器人科技续费扩容单1期。', '100001', 'admin', 'demo_ct_049', 1781546760000, '2', 'PENDING', b'0', 1781373960000, 1781373960000, 'admin', 'admin'),
('demo_fp_071', 'demo_c_025', 'demo_o_061', 'CUSTOMER', NULL, '发起 多Agent智能助手 评审，确认折扣、付款、合同和交付边界：深圳机器人科技合同风险单2期。', '100001', 'admin', 'demo_ct_050', 1781546761000, '2', 'PENDING', b'0', 1781373961000, 1781373961000, 'admin', 'admin'),
('demo_fp_072', 'demo_c_026', 'demo_o_062', 'CUSTOMER', NULL, '发起 多Agent智能助手 评审，确认折扣、付款、合同和交付边界：杭州客户成功咨询合同风险单1期。', '100001', 'admin', 'demo_ct_051', 1781546762000, '2', 'PENDING', b'0', 1781373962000, 1781373962000, 'admin', 'admin'),
('demo_fp_073', 'demo_c_026', 'demo_o_063', 'CUSTOMER', NULL, '推进下一轮客户沟通，补齐方案、报价和决策人信息：杭州客户成功咨询低优先级小单2期。', '100001', 'admin', 'demo_ct_052', 1781546763000, '2', 'PENDING', b'0', 1781373963000, 1781373963000, 'admin', 'admin'),
('demo_fp_074', 'demo_c_027', 'demo_o_064', 'CUSTOMER', NULL, '推进下一轮客户沟通，补齐方案、报价和决策人信息：南京数据治理中心低优先级小单1期。', '100001', 'admin', 'demo_ct_053', 1781546764000, '2', 'PENDING', b'0', 1781373964000, 1781373964000, 'admin', 'admin'),
('demo_fp_075', 'demo_c_027', 'demo_o_065', 'CUSTOMER', NULL, '推进下一轮客户沟通，补齐方案、报价和决策人信息：南京数据治理中心预测重点单2期。', '100001', 'admin', 'demo_ct_054', 1781546765000, '2', 'PENDING', b'0', 1781373965000, 1781373965000, 'admin', 'admin')
ON DUPLICATE KEY UPDATE `customer_id` = VALUES(`customer_id`), `opportunity_id` = VALUES(`opportunity_id`), `content` = VALUES(`content`), `owner` = VALUES(`owner`), `contact_id` = VALUES(`contact_id`), `estimated_time` = VALUES(`estimated_time`), `method` = VALUES(`method`), `status` = VALUES(`status`), `converted` = VALUES(`converted`), `update_time` = VALUES(`update_time`), `update_user` = VALUES(`update_user`);

UPDATE customer c SET follow_time = (SELECT MAX(r.follow_time) FROM follow_up_record r WHERE r.customer_id = c.id) WHERE c.id LIKE 'demo_c_%';
UPDATE opportunity o SET follow_time = (SELECT MAX(r.follow_time) FROM follow_up_record r WHERE r.opportunity_id = o.id) WHERE o.id LIKE 'demo_o_%';

SELECT 'product' AS tbl, COUNT(*) AS cnt FROM product UNION ALL SELECT 'customer', COUNT(*) FROM customer UNION ALL SELECT 'customer_contact', COUNT(*) FROM customer_contact UNION ALL SELECT 'opportunity', COUNT(*) FROM opportunity UNION ALL SELECT 'follow_up_record', COUNT(*) FROM follow_up_record UNION ALL SELECT 'follow_up_plan', COUNT(*) FROM follow_up_plan;
